violation,file1,file2,execs1,execs2,uniq1,uniq2,presence_1minus2,presence_2minus1,frequency_1minus2_sum,frequency_2minus1_sum,frequency_1minus2_mean,frequency_2minus1_mean,frequency_1minus2_max,frequency_2minus1_max,frequency_1minus2_min,frequency_2minus1_min,frequency_1minus2_median,frequency_2minus1_median
FALSE,/home/austin/Desktop/default/ActivityCommunication1-coverage.txt,/home/austin/Desktop/analyzeframeworks/ActivityCommunication1_analyzeframeworks_-coverage.txt,11877555,11617344,14222,13709,538,25,260523,312,184.7680851,3.183673469,10960,105,1,1,12,1.5
FALSE,/home/austin/Desktop/default/ActivityCommunication2-coverage.txt,/home/austin/Desktop/analyzeframeworks/ActivityCommunication2_analyzeframeworks_-coverage.txt,29227650,28740372,16277,15201,1155,79,511502,24224,199.1830218,20.54622561,19140,455,1,1,18,13
FALSE,/home/austin/Desktop/default/ActivityCommunication3-coverage.txt,/home/austin/Desktop/analyzeframeworks/ActivityCommunication3_analyzeframeworks_-coverage.txt,14352631,14120292,13880,13039,964,123,242108,9769,151.5068836,8.421551724,9756,251,1,1,10.5,6
FALSE,/home/austin/Desktop/default/ActivityCommunication4-coverage.txt,/home/austin/Desktop/analyzeframeworks/ActivityCommunication4_analyzeframeworks_-coverage.txt,13983771,13738958,13304,12341,967,4,244996,183,142.6053551,3.588235294,10289,10,1,1,6,2
FALSE,/home/austin/Desktop/default/ActivityCommunication5-coverage.txt,/home/austin/Desktop/analyzeframeworks/ActivityCommunication5_analyzeframeworks_-coverage.txt,14025106,13776673,13377,12403,1039,65,248659,226,139.0710291,2.658823529,10319,13,1,1,7.5,1
FALSE,/home/austin/Desktop/default/ActivityCommunication6-coverage.txt,/home/austin/Desktop/analyzeframeworks/ActivityCommunication6_analyzeframeworks_-coverage.txt,14098202,13815996,13721,12467,1263,9,282352,146,119.8438031,6.083333333,10449,13,1,1,12,1.5
FALSE,/home/austin/Desktop/default/ActivityCommunication7-coverage.txt,/home/austin/Desktop/analyzeframeworks/ActivityCommunication7_analyzeframeworks_-coverage.txt,14028340,13780218,13597,12507,1094,4,248445,323,134.0771722,3.987654321,10330,18,1,1,4,2
FALSE,/home/austin/Desktop/default/ActivityCommunication8-coverage.txt,/home/austin/Desktop/analyzeframeworks/ActivityCommunication8_analyzeframeworks_-coverage.txt,14058440,13813286,13464,12449,1019,4,245304,150,138.3553299,7.5,10289,13,1,1,4,19.5
FALSE,/home/austin/Desktop/default/ActivityEventSequence1-coverage.txt,/home/austin/Desktop/analyzeframeworks/ActivityEventSequence1_analyzeframeworks_-coverage.txt,12694818,12383603,14617,13802,819,4,311318,103,101.3404948,5.421052632,11859,9,1,1,10.5,9
TRUE,/home/austin/Desktop/default/ActivityEventSequence2-coverage.txt,/home/austin/Desktop/analyzeframeworks/ActivityEventSequence2_analyzeframeworks_-coverage.txt,13147057,12791342,15252,13756,1533,37,359486,3771,95.8885036,5.387142857,11736,112,1,1,10,3
FALSE,/home/austin/Desktop/default/ActivityEventSequence3-coverage.txt,/home/austin/Desktop/analyzeframeworks/ActivityEventSequence3_analyzeframeworks_-coverage.txt,13718988,12994625,15613,14713,941,41,733248,8885,217.9690844,9.235966736,12235,187,1,1,31.5,9
TRUE,/home/austin/Desktop/default/ActivityLifecycle1-coverage.txt,/home/austin/Desktop/analyzeframeworks/ActivityLifecycle1_analyzeframeworks_-coverage.txt,12691365,11809301,15866,13547,2383,64,885886,3822,198.1847875,5.398305085,11327,116,1,1,40.5,4.5
FALSE,/home/austin/Desktop/default/ActivityLifecycle2-coverage.txt,/home/austin/Desktop/analyzeframeworks/ActivityLifecycle2_analyzeframeworks_-coverage.txt,11710634,11441153,14242,13659,630,47,269805,324,118.9616402,4.153846154,10903,10,1,1,9,6
FALSE,/home/austin/Desktop/default/ActivityLifecycle3-coverage.txt,/home/austin/Desktop/analyzeframeworks/ActivityLifecycle3_analyzeframeworks_-coverage.txt,11690940,11402517,14451,13715,740,4,288492,69,102.6661922,3.631578947,11050,6,1,1,9,6
FALSE,/home/austin/Desktop/default/ActivityLifecycle4-coverage.txt,/home/austin/Desktop/analyzeframeworks/ActivityLifecycle4_analyzeframeworks_-coverage.txt,11718780,11448471,14254,13581,678,5,270438,129,114.7382266,3.909090909,10842,12,1,1,6,2
FALSE,/home/austin/Desktop/default/ActivitySavedState1-coverage.txt,/home/austin/Desktop/analyzeframeworks/ActivitySavedState1_analyzeframeworks_-coverage.txt,9952170,9692181,14005,12666,1366,27,260156,167,83.0373444,2.53030303,7209,33,1,1,4,1.5
FALSE,/home/austin/Desktop/default/AllReflection-coverage.txt,/home/austin/Desktop/analyzeframeworks/AllReflection_analyzeframeworks_-coverage.txt,16990323,17016328,14145,14093,136,84,5177,31182,25.75621891,23.28752801,394,1038,1,1,1,6
TRUE,/home/austin/Desktop/default/AnonymousClass1-coverage.txt,/home/austin/Desktop/analyzeframeworks/AnonymousClass1_analyzeframeworks_-coverage.txt,12487090,12174337,15172,13784,1426,38,320001,7248,110.9573509,7.002898551,10324,218,1,1,22.5,4
FALSE,/home/austin/Desktop/default/ApplicationLifecycle1-coverage.txt,/home/austin/Desktop/analyzeframeworks/ApplicationLifecycle1_analyzeframeworks_-coverage.txt,11725022,11473100,14272,13763,535,26,252213,291,179.2558635,3.683544304,10797,98,1,1,7,1
FALSE,/home/austin/Desktop/default/ApplicationLifecycle2-coverage.txt,/home/austin/Desktop/analyzeframeworks/ApplicationLifecycle2_analyzeframeworks_-coverage.txt,11752601,11480125,14739,14065,706,32,272843,367,85.45036016,5.31884058,10886,82,1,1,6,3
FALSE,/home/austin/Desktop/default/ApplicationLifecycle3-coverage.txt,/home/austin/Desktop/analyzeframeworks/ApplicationLifecycle3_analyzeframeworks_-coverage.txt,12685851,12425279,14988,14473,542,27,261268,696,182.8327502,2.195583596,11258,20,1,1,7,1
FALSE,/home/austin/Desktop/default/ApplicationModeling1-coverage.txt,/home/austin/Desktop/analyzeframeworks/ApplicationModeling1_analyzeframeworks_-coverage.txt,10499989,10104848,14776,14113,673,10,396003,862,125.4762357,3.652542373,7624,121,1,1,24,1.5
FALSE,/home/austin/Desktop/default/ArrayAccess1-coverage.txt,/home/austin/Desktop/analyzeframeworks/ArrayAccess1_analyzeframeworks_-coverage.txt,11726890,11468975,14847,14290,571,14,258428,513,158.4475782,2.164556962,10818,18,1,1,7,1
FALSE,/home/austin/Desktop/default/ArrayAccess2-coverage.txt,/home/austin/Desktop/analyzeframeworks/ArrayAccess2_analyzeframeworks_-coverage.txt,11694466,11446024,14653,14067,629,43,248993,551,167.4465367,1.913194444,10741,18,1,1,3,1.5
FALSE,/home/austin/Desktop/default/ArrayAccess3-coverage.txt,/home/austin/Desktop/analyzeframeworks/ArrayAccess3_analyzeframeworks_-coverage.txt,11724274,11466352,14845,14291,562,8,258421,499,158.1523868,2.132478632,10818,18,1,1,10.5,1.5
FALSE,/home/austin/Desktop/default/ArrayAccess4-coverage.txt,/home/austin/Desktop/analyzeframeworks/ArrayAccess4_analyzeframeworks_-coverage.txt,12341005,12089579,15168,14663,559,54,262669,11243,171.3431181,5.541153277,10350,239,1,1,9,2
FALSE,/home/austin/Desktop/default/ArrayAccess5-coverage.txt,/home/austin/Desktop/analyzeframeworks/ArrayAccess5_analyzeframeworks_-coverage.txt,11764314,11471967,14936,13714,1232,10,292814,467,108.4496296,2.266990291,10818,18,1,1,9,1.5
FALSE,/home/austin/Desktop/default/ArrayCopy1-coverage.txt,/home/austin/Desktop/analyzeframeworks/ArrayCopy1_analyzeframeworks_-coverage.txt,9996458,9796286,14068,13589,499,20,200729,557,148.4681953,2.158914729,7139,37,1,1,6,1.5
TRUE,/home/austin/Desktop/default/ArrayToString1-coverage.txt,/home/austin/Desktop/analyzeframeworks/ArrayToString1_analyzeframeworks_-coverage.txt,9955686,9736637,14009,12917,1096,4,219526,477,95.48760331,2.228971963,7063,34,1,1,2,1.5
FALSE,/home/austin/Desktop/default/AsynchronousEventOrdering1-coverage.txt,/home/austin/Desktop/analyzeframeworks/AsynchronousEventOrdering1_analyzeframeworks_-coverage.txt,9983656,9751040,14273,13583,728,38,232777,161,86.66306776,1.829545455,7366,6,1,1,9,1.5
FALSE,/home/austin/Desktop/default/AsyncTask1-coverage.txt,/home/austin/Desktop/analyzeframeworks/AsyncTask1_analyzeframeworks_-coverage.txt,13320839,13163985,14842,14279,570,7,157396,542,162.7673216,2.377192982,9548,18,1,1,4,1.5
FALSE,/home/austin/Desktop/default/Battery1-coverage.txt,/home/austin/Desktop/analyzeframeworks/Battery1_analyzeframeworks_-coverage.txt,22613389,22408490,14188,13726,486,24,205302,403,235.9793103,4.477777778,13699,175,1,1,3,1.5
FALSE,/home/austin/Desktop/default/Bluetooth1-coverage.txt,/home/austin/Desktop/analyzeframeworks/Bluetooth1_analyzeframeworks_-coverage.txt,22514707,22307730,13707,13232,480,5,207185,208,247.5328554,8,13872,94,1,1,2,3
FALSE,/home/austin/Desktop/default/BroadcastReceiverLifecycle1-coverage.txt,/home/austin/Desktop/analyzeframeworks/BroadcastReceiverLifecycle1_analyzeframeworks_-coverage.txt,11365901,11123066,13035,12554,485,4,242866,31,187.3966049,1.55,10666,2,1,1,3,3
FALSE,/home/austin/Desktop/default/BroadcastReceiverLifecycle2-coverage.txt,/home/austin/Desktop/analyzeframeworks/BroadcastReceiverLifecycle2_analyzeframeworks_-coverage.txt,13301289,13133431,14524,13612,922,10,168048,190,74.65482008,7.037037037,9622,16,1,1,4,1
FALSE,/home/austin/Desktop/default/BroadcastReceiverLifecycle3-coverage.txt,/home/austin/Desktop/analyzeframeworks/BroadcastReceiverLifecycle3_analyzeframeworks_-coverage.txt,13246868,13093198,13399,12906,498,5,153879,209,172.8977528,4.75,9583,16,1,1,1.5,1.5
FALSE,/home/austin/Desktop/default/BroadcastTaintAndLeak1-coverage.txt,/home/austin/Desktop/analyzeframeworks/BroadcastTaintAndLeak1_analyzeframeworks_-coverage.txt,9011679,8726106,13979,12478,1505,4,285734,161,90.73801207,8.05,7316,14,1,1,4,21
FALSE,/home/austin/Desktop/default/Build1-coverage.txt,/home/austin/Desktop/analyzeframeworks/Build1_analyzeframeworks_-coverage.txt,22920905,22735215,14322,13901,482,61,198752,13062,258.4551365,11.67292225,13094,280,1,1,2,6
FALSE,/home/austin/Desktop/default/Button1-coverage.txt,/home/austin/Desktop/analyzeframeworks/Button1_analyzeframeworks_-coverage.txt,11816324,11540146,14433,13732,707,6,276324,146,119.1051724,3.743589744,10885,12,1,1,13.5,3
TRUE,/home/austin/Desktop/default/Button2-coverage.txt,/home/austin/Desktop/analyzeframeworks/Button2_analyzeframeworks_-coverage.txt,13059400,12469413,15880,14865,1023,8,593865,3878,148.6148649,5.446629213,11021,96,1,1,42,6
FALSE,/home/austin/Desktop/default/Button3-coverage.txt,/home/austin/Desktop/analyzeframeworks/Button3_analyzeframeworks_-coverage.txt,13530525,13257141,15518,15010,584,76,296335,22951,172.4883586,9.914038877,11223,255,1,1,18,5
FALSE,/home/austin/Desktop/default/Button4-coverage.txt,/home/austin/Desktop/analyzeframeworks/Button4_analyzeframeworks_-coverage.txt,11792014,11519151,14416,13788,633,5,273014,151,121.1779849,3.595238095,10869,12,1,1,9,4.5
FALSE,/home/austin/Desktop/default/Button5-coverage.txt,/home/austin/Desktop/analyzeframeworks/Button5_analyzeframeworks_-coverage.txt,12158152,11852233,14259,13205,1072,18,306043,124,97.68368975,2.583333333,11091,6,1,1,8,1.5
FALSE,/home/austin/Desktop/default/BytecodeTamper1-coverage.txt,/home/austin/Desktop/analyzeframeworks/BytecodeTamper1_analyzeframeworks_-coverage.txt,9666875,9477528,12551,12363,250,62,189602,255,180.4015224,2.65625,6932,61,1,1,6,1.5
FALSE,/home/austin/Desktop/default/BytecodeTamper2-coverage.txt,/home/austin/Desktop/analyzeframeworks/BytecodeTamper2_analyzeframeworks_-coverage.txt,9439374,9435003,12050,11925,133,8,4540,169,16.15658363,4.828571429,394,52,1,1,1,4
FALSE,/home/austin/Desktop/default/BytecodeTamper3-coverage.txt,/home/austin/Desktop/analyzeframeworks/BytecodeTamper3_analyzeframeworks_-coverage.txt,9481957,9477758,12086,11975,133,22,4450,251,25.42857143,2.56122449,394,53,1,1,1,1.5
FALSE,/home/austin/Desktop/default/BytecodeTamper4-coverage.txt,/home/austin/Desktop/analyzeframeworks/BytecodeTamper4_analyzeframeworks_-coverage.txt,9446140,9441760,12090,11957,137,4,4530,150,19.03361345,5.769230769,394,57,1,1,1.5,3
FALSE,/home/austin/Desktop/default/Clone1-coverage.txt,/home/austin/Desktop/analyzeframeworks/Clone1_analyzeframeworks_-coverage.txt,9937445,9749525,13172,12256,978,62,188126,206,89.96939264,2.543209877,7219,19,1,1,4,1
FALSE,/home/austin/Desktop/default/Collector-coverage.txt,/home/austin/Desktop/analyzeframeworks/Collector_analyzeframeworks_-coverage.txt,21751235,21766815,13573,13500,132,59,4344,19924,28.20779221,16.60333333,394,621,1,1,1.5,10.5
FALSE,/home/austin/Desktop/default/ComponentNotInManifest1-coverage.txt,/home/austin/Desktop/analyzeframeworks/ComponentNotInManifest1_analyzeframeworks_-coverage.txt,13782557,13536189,13370,12380,1013,23,246505,137,139.6628895,3.341463415,10325,10,1,1,4,1
FALSE,/home/austin/Desktop/default/Contacts1-coverage.txt,/home/austin/Desktop/analyzeframeworks/Contacts1_analyzeframeworks_-coverage.txt,22499647,22291510,13984,13436,552,4,208369,232,222.616453,10.54545455,13767,87,1,1,4.5,18
FALSE,/home/austin/Desktop/default/ContentProvider1-coverage.txt,/home/austin/Desktop/analyzeframeworks/ContentProvider1_analyzeframeworks_-coverage.txt,20612218,20399258,14543,14000,546,3,213500,540,218.3026585,2.432432432,12237,18,1,1,9,1.5
FALSE,/home/austin/Desktop/default/DeviceId_Broadcast1-coverage.txt,/home/austin/Desktop/analyzeframeworks/DeviceId_Broadcast1_analyzeframeworks_-coverage.txt,32568181,32201317,14431,13465,1122,156,375756,8892,189.3931452,9.12,18333,262,1,1,12,3
FALSE,/home/austin/Desktop/default/DeviceId_contentProvider1-coverage.txt,/home/austin/Desktop/analyzeframeworks/DeviceId_contentProvider1_analyzeframeworks_-coverage.txt,36061407,34928229,16369,15109,1313,53,1139655,6477,330.2390611,8.87260274,19670,140,1,1,59,7.5
FALSE,/home/austin/Desktop/default/DeviceId_OrderedIntent1-coverage.txt,/home/austin/Desktop/analyzeframeworks/DeviceId_OrderedIntent1_analyzeframeworks_-coverage.txt,31712881,31386472,14549,13452,1161,64,332668,6259,161.6462585,7.346244131,17767,167,1,1,10.5,6
FALSE,/home/austin/Desktop/default/DeviceId_Service1-coverage.txt,/home/austin/Desktop/analyzeframeworks/DeviceId_Service1_analyzeframeworks_-coverage.txt,31545357,31181018,14570,13538,1171,139,373375,9036,180.6361877,9.248720573,18054,262,1,1,8,3
FALSE,/home/austin/Desktop/default/DeviceId1-coverage.txt,/home/austin/Desktop/analyzeframeworks/DeviceId1_analyzeframeworks_-coverage.txt,22301790,22071261,13809,13257,556,4,230770,241,233.1010101,10.95454545,13735,131,1,1,7.5,13.5
FALSE,/home/austin/Desktop/default/DirectLeak1-coverage.txt,/home/austin/Desktop/analyzeframeworks/DirectLeak1_analyzeframeworks_-coverage.txt,11534672,11290963,13154,12675,484,5,243788,79,190.1622465,3.291666667,10732,6,1,1,3,1.5
FALSE,/home/austin/Desktop/default/DynamicBoth1-coverage.txt,/home/austin/Desktop/analyzeframeworks/DynamicBoth1_analyzeframeworks_-coverage.txt,10681119,10697281,13375,13261,137,23,4592,20754,29.06329114,16.91442543,394,603,1,1,1.5,7
FALSE,/home/austin/Desktop/default/DynamicSink1-coverage.txt,/home/austin/Desktop/analyzeframeworks/DynamicSink1_analyzeframeworks_-coverage.txt,11040454,10866191,13954,13724,246,16,188204,13941,188.7703109,12.44732143,6313,289,1,1,8,10.5
FALSE,/home/austin/Desktop/default/DynamicSource1-coverage.txt,/home/austin/Desktop/analyzeframeworks/DynamicSource1_analyzeframeworks_-coverage.txt,10692982,10709144,13382,13272,133,23,4591,20753,30.00653595,16.8586515,394,603,1,1,1,7
FALSE,/home/austin/Desktop/default/Echoer-coverage.txt,/home/austin/Desktop/analyzeframeworks/Echoer_analyzeframeworks_-coverage.txt,13434087,13443614,13438,13311,132,5,5369,14896,24.51598174,13.10114336,824,510,1,1,1,6
FALSE,/home/austin/Desktop/default/EventOrdering1-coverage.txt,/home/austin/Desktop/analyzeframeworks/EventOrdering1_analyzeframeworks_-coverage.txt,23896524,23509456,14472,13681,796,5,387330,262,138.4310222,2.787234043,17146,16,1,1,9,1.5
FALSE,/home/austin/Desktop/default/Exceptions1-coverage.txt,/home/austin/Desktop/analyzeframeworks/Exceptions1_analyzeframeworks_-coverage.txt,12495098,12258333,14523,14162,490,129,247435,10670,197.3165869,9.034716342,10706,247,1,1,4.5,4
FALSE,/home/austin/Desktop/default/Exceptions2-coverage.txt,/home/austin/Desktop/analyzeframeworks/Exceptions2_analyzeframeworks_-coverage.txt,12271679,12018626,14290,13814,486,10,253186,133,191.9529947,2.293103448,11232,7,1,1,3,1.5
FALSE,/home/austin/Desktop/default/Exceptions3-coverage.txt,/home/austin/Desktop/analyzeframeworks/Exceptions3_analyzeframeworks_-coverage.txt,12220106,11967274,14211,13730,486,5,252923,91,191.7536012,3.033333333,11232,6,1,1,2,3
FALSE,/home/austin/Desktop/default/Exceptions4-coverage.txt,/home/austin/Desktop/analyzeframeworks/Exceptions4_analyzeframeworks_-coverage.txt,12466465,12228843,13892,13744,365,217,246280,8658,226.3602941,9.259893048,10729,240,1,1,6,3
FALSE,/home/austin/Desktop/default/Exceptions5-coverage.txt,/home/austin/Desktop/analyzeframeworks/Exceptions5_analyzeframeworks_-coverage.txt,12423810,12185820,13795,13645,351,201,246307,8317,230.6245318,9.548794489,10729,240,1,1,4.5,5
FALSE,/home/austin/Desktop/default/Exceptions6-coverage.txt,/home/austin/Desktop/analyzeframeworks/Exceptions6_analyzeframeworks_-coverage.txt,12292557,11971729,15635,14541,1098,4,321128,300,99.72919255,2.830188679,11528,18,1,1,12,1.5
FALSE,/home/austin/Desktop/default/Exceptions7-coverage.txt,/home/austin/Desktop/analyzeframeworks/Exceptions7_analyzeframeworks_-coverage.txt,12286340,11980554,14720,13803,967,50,306030,244,111.2836364,3.253333333,11567,18,1,1,12,1
FALSE,/home/austin/Desktop/default/Executor1-coverage.txt,/home/austin/Desktop/analyzeframeworks/Executor1_analyzeframeworks_-coverage.txt,13423854,13286390,15149,14672,586,109,152338,14874,168.1434879,6.226035998,9148,239,1,1,7.5,3
TRUE,/home/austin/Desktop/default/FactoryMethods1-coverage.txt,/home/austin/Desktop/analyzeframeworks/FactoryMethods1_analyzeframeworks_-coverage.txt,12280703,11955274,13692,12394,1302,4,325567,138,122.0266117,7.263157895,11232,12,1,1,9,12
FALSE,/home/austin/Desktop/default/FieldSensitivity1-coverage.txt,/home/austin/Desktop/analyzeframeworks/FieldSensitivity1_analyzeframeworks_-coverage.txt,12190607,11888225,14680,14060,678,58,309249,6867,110.9214491,6.265510949,10650,102,1,1,13.5,4.5
FALSE,/home/austin/Desktop/default/FieldSensitivity2-coverage.txt,/home/austin/Desktop/analyzeframeworks/FieldSensitivity2_analyzeframeworks_-coverage.txt,11997869,11766392,14583,14035,570,22,244522,13045,177.5758896,6.15911237,10273,239,1,1,4,3
FALSE,/home/austin/Desktop/default/FieldSensitivity3-coverage.txt,/home/austin/Desktop/analyzeframeworks/FieldSensitivity3_analyzeframeworks_-coverage.txt,12004665,11771810,15144,14605,568,29,245920,13065,156.0406091,5.887787292,10273,239,1,1,6,2
FALSE,/home/austin/Desktop/default/FieldSensitivity4-coverage.txt,/home/austin/Desktop/analyzeframeworks/FieldSensitivity4_analyzeframeworks_-coverage.txt,11858658,11626942,14145,13752,485,92,240617,8901,195.7827502,7.904973357,10286,211,1,1,4,7.5
FALSE,/home/austin/Desktop/default/File1-coverage.txt,/home/austin/Desktop/analyzeframeworks/File1_analyzeframeworks_-coverage.txt,22818293,22613628,13776,13320,480,24,204977,312,236.4209919,3.759036145,13693,115,1,1,2,1
FALSE,/home/austin/Desktop/default/FlowSensitivity1-coverage.txt,/home/austin/Desktop/analyzeframeworks/FlowSensitivity1_analyzeframeworks_-coverage.txt,20623612,20269851,15187,14628,630,71,358136,4375,124.7860627,5.64516129,12537,96,1,1,25.5,3
FALSE,/home/austin/Desktop/default/FragmentLifecycle1-coverage.txt,/home/austin/Desktop/analyzeframeworks/FragmentLifecycle1_analyzeframeworks_-coverage.txt,12971266,12759564,14526,13903,628,5,212825,1123,101.927682,3.565079365,9072,44,1,1,18,1
FALSE,/home/austin/Desktop/default/FragmentLifecycle2-coverage.txt,/home/austin/Desktop/analyzeframeworks/FragmentLifecycle2_analyzeframeworks_-coverage.txt,11841203,11861292,13800,13689,132,21,4893,24982,21,20.95805369,394,861,1,1,1,10.5
FALSE,/home/austin/Desktop/default/HashMapAccess1-coverage.txt,/home/austin/Desktop/analyzeframeworks/HashMapAccess1_analyzeframeworks_-coverage.txt,12150795,11863802,14121,12317,1808,4,287095,102,81.39920612,4.857142857,11420,9,1,1,3,9
FALSE,/home/austin/Desktop/default/IMEI1-coverage.txt,/home/austin/Desktop/analyzeframeworks/IMEI1_analyzeframeworks_-coverage.txt,20447602,20250430,14319,13711,801,193,211630,14458,142.2244624,11.12153846,11555,336,1,1,6,6
TRUE,/home/austin/Desktop/default/ImplicitFlow1-coverage.txt,/home/austin/Desktop/analyzeframeworks/ImplicitFlow1_analyzeframeworks_-coverage.txt,17025106,16085729,16231,14272,2012,53,955834,16457,238.6601748,17.23246073,18681,605,1,1,20,4
FALSE,/home/austin/Desktop/default/ImplicitFlow2-coverage.txt,/home/austin/Desktop/analyzeframeworks/ImplicitFlow2_analyzeframeworks_-coverage.txt,11873976,11521707,13990,13176,818,4,352343,74,161.6994034,3.894736842,10810,6,1,1,6,6
FALSE,/home/austin/Desktop/default/ImplicitFlow3-coverage.txt,/home/austin/Desktop/analyzeframeworks/ImplicitFlow3_analyzeframeworks_-coverage.txt,12432804,12203176,14742,13993,774,25,236964,7336,140.2153846,7.074252652,7266,211,1,1,12,4
FALSE,/home/austin/Desktop/default/ImplicitFlow4-coverage.txt,/home/austin/Desktop/analyzeframeworks/ImplicitFlow4_analyzeframeworks_-coverage.txt,12423410,12140334,15170,14366,829,25,292558,9482,125.8313978,9.425447316,10603,120,1,1,6,9
FALSE,/home/austin/Desktop/default/ImplicitFlow5-coverage.txt,/home/austin/Desktop/analyzeframeworks/ImplicitFlow5_analyzeframeworks_-coverage.txt,12115855,11833279,14578,13438,1179,39,290249,7673,121.3415552,9.027058824,10331,221,1,1,12,6
FALSE,/home/austin/Desktop/default/ImplicitFlow6-coverage.txt,/home/austin/Desktop/analyzeframeworks/ImplicitFlow6_analyzeframeworks_-coverage.txt,12042060,11769543,13846,12971,928,53,280978,8461,142.1234193,7.982075472,10298,224,1,1,5,6
FALSE,/home/austin/Desktop/default/InactiveActivity-coverage.txt,/home/austin/Desktop/analyzeframeworks/InactiveActivity_analyzeframeworks_-coverage.txt,10072676,10068562,4735,4616,123,4,4145,31,23.55113636,1.722222222,394,4,1,1,1.5,3
FALSE,/home/austin/Desktop/default/InheritedObjects1-coverage.txt,/home/austin/Desktop/analyzeframeworks/InheritedObjects1_analyzeframeworks_-coverage.txt,11958283,11727588,14187,13761,486,60,239684,8989,196.6234619,8.061883408,10298,211,1,1,2,5
TRUE,/home/austin/Desktop/default/IntentSink1-coverage.txt,/home/austin/Desktop/analyzeframeworks/IntentSink1_analyzeframeworks_-coverage.txt,11913060,11445039,14823,12463,2364,4,468091,70,109.1375612,3.5,11887,6,1,1,13,9
FALSE,/home/austin/Desktop/default/IntentSink2-coverage.txt,/home/austin/Desktop/analyzeframeworks/IntentSink2_analyzeframeworks_-coverage.txt,11916524,11574336,13536,12516,1028,8,342317,129,152.7518965,5.375,11325,11,1,1,5,1.5
FALSE,/home/austin/Desktop/default/IntentSource1-coverage.txt,/home/austin/Desktop/analyzeframeworks/IntentSource1_analyzeframeworks_-coverage.txt,13007121,13002929,12127,12001,130,4,4356,164,28.47058824,3.215686275,394,39,1,1,1,1
FALSE,/home/austin/Desktop/default/IP1-coverage.txt,/home/austin/Desktop/analyzeframeworks/IP1_analyzeframeworks_-coverage.txt,23177876,22996096,14872,14446,482,56,197412,15632,244.3217822,14.00716846,12935,360,1,1,3,12
FALSE,/home/austin/Desktop/default/JavaIDFunction-coverage.txt,/home/austin/Desktop/analyzeframeworks/JavaIDFunction_analyzeframeworks_-coverage.txt,10447971,10457025,12669,12575,132,38,4578,13632,29.92156863,12,394,454,1,1,1,7.5
FALSE,/home/austin/Desktop/default/JavaThread1-coverage.txt,/home/austin/Desktop/analyzeframeworks/JavaThread1_analyzeframeworks_-coverage.txt,13474816,13355090,15106,14614,616,124,148184,28458,165.1995541,11.27049505,8828,391,1,1,4,5
FALSE,/home/austin/Desktop/default/JavaThread2-coverage.txt,/home/austin/Desktop/analyzeframeworks/JavaThread2_analyzeframeworks_-coverage.txt,13501864,13365176,15166,14626,577,37,152605,15917,129.7661565,8.067410035,8913,332,1,1,6,3
FALSE,/home/austin/Desktop/default/Library2-coverage.txt,/home/austin/Desktop/analyzeframeworks/Library2_analyzeframeworks_-coverage.txt,12413104,12174335,13971,13505,494,28,247695,8926,195.8063241,8.420754717,10786,211,1,1,2,7.5
FALSE,/home/austin/Desktop/default/ListAccess1-coverage.txt,/home/austin/Desktop/analyzeframeworks/ListAccess1_analyzeframeworks_-coverage.txt,11715535,11465764,14742,12481,2265,4,249869,98,67.88073893,5.444444444,8300,9,1,1,9,13.5
FALSE,/home/austin/Desktop/default/Location_Broadcast1-coverage.txt,/home/austin/Desktop/analyzeframeworks/Location_Broadcast1_analyzeframeworks_-coverage.txt,31844537,31260452,15352,13766,1729,143,589710,5625,190.5363489,6.495381062,19210,140,1,1,27,4.5
FALSE,/home/austin/Desktop/default/Location_Service1-coverage.txt,/home/austin/Desktop/analyzeframeworks/Location_Service1_analyzeframeworks_-coverage.txt,20023519,19403134,15498,13732,1847,81,625520,5135,191.1151848,6.864973262,16027,140,1,1,35,4.5
FALSE,/home/austin/Desktop/default/Location1-coverage.txt,/home/austin/Desktop/analyzeframeworks/Location1_analyzeframeworks_-coverage.txt,31814301,31091439,15375,13703,1741,69,728084,5222,232.912348,7.242718447,19524,140,1,1,46.5,4
TRUE,/home/austin/Desktop/default/LocationLeak1-coverage.txt,/home/austin/Desktop/analyzeframeworks/LocationLeak1_analyzeframeworks_-coverage.txt,13349274,12423660,15915,13453,2476,14,929603,3989,208.3377409,5.78115942,11896,120,1,1,73.5,3
TRUE,/home/austin/Desktop/default/LocationLeak2-coverage.txt,/home/austin/Desktop/analyzeframeworks/LocationLeak2_analyzeframeworks_-coverage.txt,12727658,12173223,15571,13445,2195,69,558855,4420,137.1759941,6.278409091,11162,120,1,1,30,4.5
TRUE,/home/austin/Desktop/default/LocationLeak3-coverage.txt,/home/austin/Desktop/analyzeframeworks/LocationLeak3_analyzeframeworks_-coverage.txt,13008442,12443413,15747,13110,2675,38,568206,3177,126.1838774,5.430769231,11968,96,1,1,25,3
FALSE,/home/austin/Desktop/default/LogNoLeak-coverage.txt,/home/austin/Desktop/analyzeframeworks/LogNoLeak_analyzeframeworks_-coverage.txt,11216980,11212766,11740,11633,130,23,4357,143,27.92948718,1.571428571,394,6,1,1,1.5,1
TRUE,/home/austin/Desktop/default/Loop1-coverage.txt,/home/austin/Desktop/analyzeframeworks/Loop1_analyzeframeworks_-coverage.txt,12162147,11823035,15087,13500,1693,106,346748,7636,105.490721,8.746849943,10250,243,1,1,10,3
TRUE,/home/austin/Desktop/default/Loop2-coverage.txt,/home/austin/Desktop/analyzeframeworks/Loop2_analyzeframeworks_-coverage.txt,12247352,11906476,14979,13538,1547,106,349815,8939,120.0463281,8.024236984,10176,268,1,1,15,4.5
FALSE,/home/austin/Desktop/default/Looper1-coverage.txt,/home/austin/Desktop/analyzeframeworks/Looper1_analyzeframeworks_-coverage.txt,20315754,20139463,16105,15402,733,30,191874,15583,155.6155718,14.19216758,11312,364,1,1,9,13.5
FALSE,/home/austin/Desktop/default/Merge1-coverage.txt,/home/austin/Desktop/analyzeframeworks/Merge1_analyzeframeworks_-coverage.txt,20761270,20543017,15788,15286,563,61,231171,12918,177.5506912,6.246615087,11813,239,1,1,15,4.5
FALSE,/home/austin/Desktop/default/MethodOverride1-coverage.txt,/home/austin/Desktop/analyzeframeworks/MethodOverride1_analyzeframeworks_-coverage.txt,11538654,11296095,13079,12614,480,15,242715,156,190.3647059,2.294117647,10724,7,1,1,2,1.5
FALSE,/home/austin/Desktop/default/MultidimensionalArray1-coverage.txt,/home/austin/Desktop/analyzeframeworks/MultidimensionalArray1_analyzeframeworks_-coverage.txt,9933033,9733968,13899,13379,550,30,199279,214,144.5097897,2.301075269,7106,37,1,1,4,1
FALSE,/home/austin/Desktop/default/MultiHandlers1-coverage.txt,/home/austin/Desktop/analyzeframeworks/MultiHandlers1_analyzeframeworks_-coverage.txt,13354189,13039649,14160,13245,1006,91,322211,7671,148.5527893,6.986338798,10857,202,1,1,8,4.5
TRUE,/home/austin/Desktop/default/NativeIDFunction-coverage.txt,/home/austin/Desktop/analyzeframeworks/NativeIDFunction_analyzeframeworks_-coverage.txt,11223152,10891600,15052,13396,1802,146,338286,6734,103.2619048,7.731343284,9986,198,1,1,13.5,3
FALSE,/home/austin/Desktop/default/Obfuscation1-coverage.txt,/home/austin/Desktop/analyzeframeworks/Obfuscation1_analyzeframeworks_-coverage.txt,12032863,11781320,13278,12817,485,24,251677,134,195.5532246,2.09375,11188,7,1,1,2,1.5
FALSE,/home/austin/Desktop/default/ObjectSensitivity1-coverage.txt,/home/austin/Desktop/analyzeframeworks/ObjectSensitivity1_analyzeframeworks_-coverage.txt,11598700,11425898,13591,12273,1322,4,172902,100,68.83041401,5,7851,9,1,1,6,13.5
FALSE,/home/austin/Desktop/default/ObjectSensitivity2-coverage.txt,/home/austin/Desktop/analyzeframeworks/ObjectSensitivity2_analyzeframeworks_-coverage.txt,11884502,11656000,14328,13871,547,90,242379,13877,184.0387244,6.496722846,10273,239,1,1,4,3
FALSE,/home/austin/Desktop/default/OnlyIntentReceive-coverage.txt,/home/austin/Desktop/analyzeframeworks/OnlyIntent_analyzeframeworks_-coverage.txt,14117587,14566462,13922,15609,157,1844,69408,518283,36.53052632,77.71524966,2919,9124,1,1,6,8
FALSE,/home/austin/Desktop/default/OnlyIntent-coverage.txt,/home/austin/Desktop/analyzeframeworks/OnlyIntentReceive_analyzeframeworks_-coverage.txt,15472285,14130955,16680,13828,2909,57,1407576,66246,175.3770247,36.08169935,27619,2947,1,1,18,6
FALSE,/home/austin/Desktop/default/OnlySMS-coverage.txt,/home/austin/Desktop/analyzeframeworks/OnlySMS_analyzeframeworks_-coverage.txt,13749421,13770533,14177,14092,132,47,4655,25767,29.83974359,21.87351443,394,846,1,1,1.5,15
FALSE,/home/austin/Desktop/default/OnlyTelephony_Substring-coverage.txt,/home/austin/Desktop/analyzeframeworks/OnlyTelephony_analyzeframeworks_-coverage.txt,13290931,13256566,13435,13329,150,44,54934,20569,16.7891198,14.56728045,976,1639,1,1,4.5,9
FALSE,/home/austin/Desktop/default/OnlyTelephony-coverage.txt,/home/austin/Desktop/analyzeframeworks/OnlyTelephony_Dynamic_analyzeframeworks_-coverage.txt,13241976,13254476,13421,13329,136,44,9680,22180,7.781350482,13.59068627,394,1793,1,1,3,6
FALSE,/home/austin/Desktop/default/OnlyTelephony_Dynamic-coverage.txt,/home/austin/Desktop/analyzeframeworks/OnlyTelephony_Reverse_analyzeframeworks_-coverage.txt,13239942,13454550,13417,13427,132,142,7798,222406,11.15593705,51.50671607,394,4387,1,1,2,15
FALSE,/home/austin/Desktop/default/OnlyTelephony_Reverse-coverage.txt,/home/austin/Desktop/analyzeframeworks/OnlyTelephony_Substring_analyzeframeworks_-coverage.txt,13429923,13312739,13498,13363,208,73,125254,8070,30.12361712,11.62824207,2480,1489,1,1,9,6
FALSE,/home/austin/Desktop/default/Ordering1-coverage.txt,/home/austin/Desktop/analyzeframeworks/Ordering1_analyzeframeworks_-coverage.txt,13233318,12558078,15289,13508,1816,35,679356,4116,182.8683715,5.922302158,11998,120,1,1,41,3
FALSE,/home/austin/Desktop/default/Parcel1-coverage.txt,/home/austin/Desktop/analyzeframeworks/Parcel1_analyzeframeworks_-coverage.txt,10832505,10579757,15294,14592,826,124,269552,16804,160.447619,7.930155734,6433,329,1,1,12,3
FALSE,/home/austin/Desktop/default/PI1-coverage.txt,/home/austin/Desktop/analyzeframeworks/PI1_analyzeframeworks_-coverage.txt,24421375,24231756,15120,14693,491,64,201218,11599,257.9717949,9.593879239,13276,269,1,1,3,4
FALSE,/home/austin/Desktop/default/PlayStore1-coverage.txt,/home/austin/Desktop/analyzeframeworks/PlayStore1_analyzeframeworks_-coverage.txt,19838691,19538088,14619,13463,1160,4,300811,208,124.7660722,10.4,12209,24,1,1,7,24
FALSE,/home/austin/Desktop/default/PlayStore2-coverage.txt,/home/austin/Desktop/analyzeframeworks/PlayStore2_analyzeframeworks_-coverage.txt,66256910,65745218,15910,15633,482,205,709800,198108,850.0598802,97.44613871,49377,3558,1,1,2,26
TRUE,/home/austin/Desktop/default/PrivateDataLeak1-coverage.txt,/home/austin/Desktop/analyzeframeworks/PrivateDataLeak1_analyzeframeworks_-coverage.txt,13332332,12605227,16507,14319,2224,36,731032,3927,157.8902808,6.1359375,11919,120,1,1,42,4.5
TRUE,/home/austin/Desktop/default/PrivateDataLeak2-coverage.txt,/home/austin/Desktop/analyzeframeworks/PrivateDataLeak2_analyzeframeworks_-coverage.txt,11588032,11324525,13971,12834,1141,4,263581,74,107.7159787,3.894736842,10736,6,1,1,3,6
FALSE,/home/austin/Desktop/default/PrivateDataLeak3-coverage.txt,/home/austin/Desktop/analyzeframeworks/PrivateDataLeak3_analyzeframeworks_-coverage.txt,12993392,12719041,15405,14080,1376,51,285516,11165,108.2319939,10.06762849,10626,311,1,1,6,5
FALSE,/home/austin/Desktop/default/PublicAPIField1-coverage.txt,/home/austin/Desktop/analyzeframeworks/PublicAPIField1_analyzeframeworks_-coverage.txt,10418714,10120338,14631,12886,1854,109,305226,6850,92.66120219,8.068315665,6725,202,1,1,13.5,3
TRUE,/home/austin/Desktop/default/PublicAPIField2-coverage.txt,/home/austin/Desktop/analyzeframeworks/PublicAPIField2_analyzeframeworks_-coverage.txt,9957785,9669528,13611,12528,1087,4,288411,154,105.7612761,7.7,7645,39,1,1,5,15
FALSE,/home/austin/Desktop/default/Reflection1-coverage.txt,/home/austin/Desktop/analyzeframeworks/Reflection1_analyzeframeworks_-coverage.txt,12894149,12650118,15234,14722,558,46,256169,12138,189.6143597,11.27019499,10738,268,1,1,7,7
FALSE,/home/austin/Desktop/default/Reflection2-coverage.txt,/home/austin/Desktop/analyzeframeworks/Reflection2_analyzeframeworks_-coverage.txt,12903439,12658581,14780,14207,618,45,256966,12108,185.5350181,11.26325581,10738,268,1,1,8,7
FALSE,/home/austin/Desktop/default/Reflection3-coverage.txt,/home/austin/Desktop/analyzeframeworks/Reflection3_analyzeframeworks_-coverage.txt,13940440,13701884,14647,14208,542,103,251044,12488,191.7830405,10.79343129,10706,268,1,1,3,6
FALSE,/home/austin/Desktop/default/Reflection4-coverage.txt,/home/austin/Desktop/analyzeframeworks/Reflection4_analyzeframeworks_-coverage.txt,12349894,12363679,13039,12954,132,47,4466,18251,29,15.92582897,394,566,1,1,1.5,10.5
FALSE,/home/austin/Desktop/default/Reflection5-coverage.txt,/home/austin/Desktop/analyzeframeworks/Reflection5_analyzeframeworks_-coverage.txt,12588350,12603727,13486,13406,132,52,4344,19721,28.39215686,16.74108659,394,622,1,1,1,10.5
FALSE,/home/austin/Desktop/default/Reflection6-coverage.txt,/home/austin/Desktop/analyzeframeworks/Reflection6_analyzeframeworks_-coverage.txt,10015122,10030699,13129,13049,132,52,4356,19933,28.47058824,16.90670059,394,622,1,1,1,7
FALSE,/home/austin/Desktop/default/Reflection7-coverage.txt,/home/austin/Desktop/analyzeframeworks/Reflection7_analyzeframeworks_-coverage.txt,13777397,13529276,14961,14353,654,46,258219,10098,178.5746888,9.35,10822,241,1,1,10.5,9
FALSE,/home/austin/Desktop/default/Reflection8-coverage.txt,/home/austin/Desktop/analyzeframeworks/Reflection8_analyzeframeworks_-coverage.txt,13203072,13217072,13535,13448,131,44,4409,18409,29.00657895,15.89723661,394,568,1,1,1.5,10.5
FALSE,/home/austin/Desktop/default/Reflection9-coverage.txt,/home/austin/Desktop/analyzeframeworks/Reflection9_analyzeframeworks_-coverage.txt,13773478,13793312,13713,13634,132,53,4468,24302,29.20261438,20.52533784,394,743,1,1,1,13.5
FALSE,/home/austin/Desktop/default/RegisterGlobal1-coverage.txt,/home/austin/Desktop/analyzeframeworks/RegisterGlobal1_analyzeframeworks_-coverage.txt,13558111,13223189,15638,15075,594,31,342099,7177,132.9055944,7.177,10871,207,1,1,19.5,6
FALSE,/home/austin/Desktop/default/RegisterGlobal2-coverage.txt,/home/austin/Desktop/analyzeframeworks/RegisterGlobal2_analyzeframeworks_-coverage.txt,12725397,12483787,15408,14898,584,74,254674,13064,187.3980868,6.067812355,10785,239,1,1,6,2
FALSE,/home/austin/Desktop/default/SendSMS-coverage.txt,/home/austin/Desktop/analyzeframeworks/SendSMS_analyzeframeworks_-coverage.txt,13600158,13330048,15558,13873,1710,25,276642,6532,101.1118421,7.595348837,9172,171,1,1,9,6
FALSE,/home/austin/Desktop/default/Sensors1-coverage.txt,/home/austin/Desktop/analyzeframeworks/Sensors1_analyzeframeworks_-coverage.txt,22817218,22611804,13903,13421,486,4,205622,208,232.8674972,8.666666667,13735,108,1,1,2,12
FALSE,/home/austin/Desktop/default/Serialization1-coverage.txt,/home/austin/Desktop/analyzeframeworks/Serialization1_analyzeframeworks_-coverage.txt,10752364,10556564,15029,14385,749,105,208989,13189,130.618125,6.259610821,6786,239,1,1,10.5,2
FALSE,/home/austin/Desktop/default/ServiceCommunication1-coverage.txt,/home/austin/Desktop/analyzeframeworks/ServiceCommunication1_analyzeframeworks_-coverage.txt,10814914,10637698,14441,13926,635,120,196844,19628,140.1024911,14.74680691,6264,431,1,1,4,8
FALSE,/home/austin/Desktop/default/ServiceEventSequence1-coverage.txt,/home/austin/Desktop/analyzeframeworks/ServiceEventSequence1_analyzeframeworks_-coverage.txt,14364095,14202188,14770,13986,809,25,169221,7314,88.78331584,6.841908326,9623,153,1,1,4.5,4
FALSE,/home/austin/Desktop/default/ServiceEventSequence2-coverage.txt,/home/austin/Desktop/analyzeframeworks/ServiceEventSequence2_analyzeframeworks_-coverage.txt,14649960,14485944,14873,14201,702,30,171075,7059,92.77386117,6.886829268,9653,150,1,1,4.5,5
FALSE,/home/austin/Desktop/default/ServiceEventSequence3-coverage.txt,/home/austin/Desktop/analyzeframeworks/ServiceEventSequence3_analyzeframeworks_-coverage.txt,14592199,14421164,14920,14246,702,28,176723,5688,80.25567666,6.894545455,9701,139,1,1,6,4
FALSE,/home/austin/Desktop/default/ServiceLifecycle1-coverage.txt,/home/austin/Desktop/analyzeframeworks/ServiceLifecycle1_analyzeframeworks_-coverage.txt,11541625,11282182,14398,13704,698,4,259742,299,100.3639876,2.006711409,10763,8,1,1,4.5,2
FALSE,/home/austin/Desktop/default/ServiceLifecycle2-coverage.txt,/home/austin/Desktop/analyzeframeworks/ServiceLifecycle2_analyzeframeworks_-coverage.txt,10190618,9976609,14535,13693,856,14,214241,232,77.37125316,6.823529412,7247,102,1,1,4,1.5
FALSE,/home/austin/Desktop/default/SharedPreferenceChanged1-coverage.txt,/home/austin/Desktop/analyzeframeworks/SharedPreferenceChanged1_analyzeframeworks_-coverage.txt,9919700,9723164,12976,12685,295,4,196667,131,173.4276896,5.458333333,7104,42,1,1,6,10.5
FALSE,/home/austin/Desktop/default/SharedPreferences1-coverage.txt,/home/austin/Desktop/analyzeframeworks/SharedPreferences1_analyzeframeworks_-coverage.txt,22668132,22279885,15810,15331,600,121,402972,14725,276.3868313,11.89418417,13706,284,1,1,13.5,10.5
FALSE,/home/austin/Desktop/default/SimpleAliasing1-coverage.txt,/home/austin/Desktop/analyzeframeworks/SimpleAliasing1_analyzeframeworks_-coverage.txt,20462273,20291045,15554,15028,638,112,185165,13937,199.3164693,6.136944077,11755,239,1,1,3,2
FALSE,/home/austin/Desktop/default/SimpleUnreachable1-coverage.txt,/home/austin/Desktop/analyzeframeworks/SimpleUnreachable1_analyzeframeworks_-coverage.txt,37012743,37008597,12551,12422,133,4,4344,198,22.27692308,7.333333333,394,125,1,1,1,2
FALSE,/home/austin/Desktop/default/Singletons1-coverage.txt,/home/austin/Desktop/analyzeframeworks/Singletons1_analyzeframeworks_-coverage.txt,10537619,10333710,15378,14848,586,56,215564,11655,116.5840995,5.67429406,6799,239,1,1,5,3
FALSE,/home/austin/Desktop/default/SinkInNativeCode-coverage.txt,/home/austin/Desktop/analyzeframeworks/SinkInNativeCode_analyzeframeworks_-coverage.txt,10576021,10585094,12776,12682,132,38,4558,13631,29.79084967,11.79152249,394,452,1,1,1,7.5
FALSE,/home/austin/Desktop/default/SinkInNativeLibCode-coverage.txt,/home/austin/Desktop/analyzeframeworks/SinkInNativeLibCode_analyzeframeworks_-coverage.txt,10697149,10709621,12821,12743,136,58,4564,17036,29.07006369,14.05610561,394,568,1,1,1,9
FALSE,/home/austin/Desktop/default/SourceCodeSpecific1-coverage.txt,/home/austin/Desktop/analyzeframeworks/SourceCodeSpecific1_analyzeframeworks_-coverage.txt,11821024,11575276,13854,13358,500,4,245865,117,182.7992565,4.178571429,10768,9,1,1,2,1.5
FALSE,/home/austin/Desktop/default/SourceInNativeCode-coverage.txt,/home/austin/Desktop/analyzeframeworks/SourceInNativeCode_analyzeframeworks_-coverage.txt,10550717,10560072,12766,12672,132,38,4350,13705,29.59183673,12.05364996,394,454,1,1,1,5
FALSE,/home/austin/Desktop/default/StartActivityForResult1-coverage.txt,/home/austin/Desktop/analyzeframeworks/StartActivityForResult1_analyzeframeworks_-coverage.txt,14059266,13672829,16013,14277,1795,59,394728,8291,125.8297737,9.121012101,9100,201,1,1,12,5
FALSE,/home/austin/Desktop/default/StartProcessWithSecret1-coverage.txt,/home/austin/Desktop/analyzeframeworks/StartProcessWithSecret1_analyzeframeworks_-coverage.txt,10038143,9841778,14076,13604,499,27,197050,685,149.5068285,2.729083665,7071,46,1,1,6,1
FALSE,/home/austin/Desktop/default/StaticInitialization1-coverage.txt,/home/austin/Desktop/analyzeframeworks/StaticInitialization1_analyzeframeworks_-coverage.txt,11876611,11637539,14032,13622,554,144,247748,8676,187.4039334,7.296888141,10407,211,1,1,7.5,4
FALSE,/home/austin/Desktop/default/StaticInitialization2-coverage.txt,/home/austin/Desktop/analyzeframeworks/StaticInitialization2_analyzeframeworks_-coverage.txt,11920901,11680285,14799,14327,550,78,250101,9485,179.4124821,6.417456022,10391,211,1,1,10.5,6
FALSE,/home/austin/Desktop/default/StaticInitialization3-coverage.txt,/home/austin/Desktop/analyzeframeworks/StaticInitialization3_analyzeframeworks_-coverage.txt,10181038,9988906,14066,13649,539,122,200493,8361,141.5911017,7.340649693,6773,211,1,1,9,4
FALSE,/home/austin/Desktop/default/StringFormatter1-coverage.txt,/home/austin/Desktop/analyzeframeworks/StringFormatter1_analyzeframeworks_-coverage.txt,10249639,10071045,13797,13455,513,171,191111,12517,152.7665867,10.03769046,6536,287,1,1,4,3
TRUE,/home/austin/Desktop/default/StringPatternMatching1-coverage.txt,/home/austin/Desktop/analyzeframeworks/StringPatternMatching1_analyzeframeworks_-coverage.txt,9901394,9677752,13547,12330,1221,4,223803,161,86.81264546,6.708333333,7116,40,1,1,6,10.5
TRUE,/home/austin/Desktop/default/StringToCharArray1-coverage.txt,/home/austin/Desktop/analyzeframeworks/StringToCharArray1_analyzeframeworks_-coverage.txt,10536830,10284890,14911,13603,1527,219,270853,18913,91.69025051,14.30635401,6458,596,1,1,15,10.5
TRUE,/home/austin/Desktop/default/StringToOutputStream1-coverage.txt,/home/austin/Desktop/analyzeframeworks/StringToOutputStream1_analyzeframeworks_-coverage.txt,9949782,9695241,13840,12283,1561,4,254682,141,82.63530175,7.05,7168,37,1,1,7.5,13.5
FALSE,/home/austin/Desktop/default/StrongUpdate1-coverage.txt,/home/austin/Desktop/analyzeframeworks/StrongUpdate1_analyzeframeworks_-coverage.txt,20485759,20316450,14909,14490,521,102,183406,14097,235.4377407,6.370085856,11755,239,1,1,3,2
FALSE,/home/austin/Desktop/default/SubscriberId1-coverage.txt,/home/austin/Desktop/analyzeframeworks/SubscriberId1_analyzeframeworks_-coverage.txt,22731511,22531305,14476,14235,538,297,221034,20828,268.5710814,11.16782842,12907,464,1,1,12,4
FALSE,/home/austin/Desktop/default/TimerTask1-coverage.txt,/home/austin/Desktop/analyzeframeworks/TimerTask1_analyzeframeworks_-coverage.txt,19815077,19579533,14572,14610,624,662,247202,11658,119.7684109,6.049818371,12403,156,1,1,12,2
FALSE,/home/austin/Desktop/default/UnreachableBoth-coverage.txt,/home/austin/Desktop/analyzeframeworks/UnreachableBoth_analyzeframeworks_-coverage.txt,9535129,9339958,13370,12913,484,27,195408,237,148.5992395,2.724137931,6892,66,1,1,4,1
FALSE,/home/austin/Desktop/default/UnreachableCode-coverage.txt,/home/austin/Desktop/analyzeframeworks/UnreachableCode_analyzeframeworks_-coverage.txt,11205383,11201223,11430,11304,130,4,4276,116,27.76623377,2.52173913,394,16,1,1,1.5,1.5
FALSE,/home/austin/Desktop/default/UnreachableSink1-coverage.txt,/home/austin/Desktop/analyzeframeworks/UnreachableSink1_analyzeframeworks_-coverage.txt,9456063,9260715,13322,12842,484,4,195512,164,148.1151515,7.80952381,6892,67,1,1,6,8
FALSE,/home/austin/Desktop/default/UnreachableSource1-coverage.txt,/home/austin/Desktop/analyzeframeworks/UnreachableSource1_analyzeframeworks_-coverage.txt,9500769,9305593,13209,12733,481,5,195340,164,148.5475285,7.80952381,6892,67,1,1,4,8
FALSE,/home/austin/Desktop/default/Unregister1-coverage.txt,/home/austin/Desktop/analyzeframeworks/Unregister1_analyzeframeworks_-coverage.txt,12651000,12378519,14542,13200,1367,25,279837,7356,111.8006392,7.093539055,10916,164,1,1,3,5
FALSE,/home/austin/Desktop/default/UnresolvableIntent1-coverage.txt,/home/austin/Desktop/analyzeframeworks/UnresolvableIntent1_analyzeframeworks_-coverage.txt,14136837,13889262,13782,12829,1042,89,247937,362,129.9460168,3.120689655,10291,24,1,1,6,1.5
FALSE,/home/austin/Desktop/default/View1-coverage.txt,/home/austin/Desktop/analyzeframeworks/View1_analyzeframeworks_-coverage.txt,12071352,11794408,14449,13846,620,17,277316,372,119.5327586,8.266666667,10887,22,1,1,10.5,8
FALSE,/home/austin/Desktop/default/VirtualDispatch1-coverage.txt,/home/austin/Desktop/analyzeframeworks/VirtualDispatch1_analyzeframeworks_-coverage.txt,12260589,11985934,15619,15106,649,136,282352,7697,104.6135606,6.398171239,10603,146,1,1,6,2
FALSE,/home/austin/Desktop/default/VirtualDispatch2-coverage.txt,/home/austin/Desktop/analyzeframeworks/VirtualDispatch2_analyzeframeworks_-coverage.txt,10425573,10240376,14083,13558,563,38,194059,8862,146.3491704,8.085766423,6678,211,1,1,6,7.5
FALSE,/home/austin/Desktop/default/VirtualDispatch3-coverage.txt,/home/austin/Desktop/analyzeframeworks/VirtualDispatch3_analyzeframeworks_-coverage.txt,20554661,20379673,14626,14127,524,25,183951,8963,211.437931,8.322191272,11824,211,1,1,3,5
FALSE,/home/austin/Desktop/default/VirtualDispatch4-coverage.txt,/home/austin/Desktop/analyzeframeworks/VirtualDispatch4_analyzeframeworks_-coverage.txt,20278051,20287176,13103,12993,135,25,4526,13651,28.46540881,11.94313211,394,454,1,1,1,5
FALSE,/home/austin/Desktop/default/VoiceMail1-coverage.txt,/home/austin/Desktop/analyzeframeworks/VoiceMail1_analyzeframeworks_-coverage.txt,22318014,22113364,13715,13241,480,6,204931,281,243.6753864,4.929824561,13693,132,1,1,2,1
FALSE,/home/austin/Desktop/default/ActivityCommunication1-coverage.txt,/home/austin/Desktop/codeelimination_removecode/ActivityCommunication1_codeelimination_REMOVECODE-coverage.txt,11877555,11876823,14222,14462,2,242,6081,5349,9.076119403,11.30866808,199,223,1,1,3,4
FALSE,/home/austin/Desktop/default/ActivityCommunication2-coverage.txt,/home/austin/Desktop/codeelimination_removecode/ActivityCommunication2_codeelimination_REMOVECODE-coverage.txt,29227650,29463653,16277,16496,9,228,5664,241667,6.958230958,184.33791,80,12831,1,1,3,4
FALSE,/home/austin/Desktop/default/ActivityCommunication3-coverage.txt,/home/austin/Desktop/codeelimination_removecode/ActivityCommunication3_codeelimination_REMOVECODE-coverage.txt,14352631,14367284,13880,14152,1,273,531,15184,5.835164835,21.17712692,20,486,1,1,6,6
FALSE,/home/austin/Desktop/default/ActivityCommunication4-coverage.txt,/home/austin/Desktop/codeelimination_removecode/ActivityCommunication4_codeelimination_REMOVECODE-coverage.txt,13983771,13993542,13304,13545,5,246,682,10453,6.314814815,15.76621418,37,320,1,1,9,5
FALSE,/home/austin/Desktop/default/ActivityCommunication5-coverage.txt,/home/austin/Desktop/codeelimination_removecode/ActivityCommunication5_codeelimination_REMOVECODE-coverage.txt,14025106,14035329,13377,13590,16,229,701,10924,5.519685039,17.04212168,37,353,1,1,5,6
FALSE,/home/austin/Desktop/default/ActivityCommunication6-coverage.txt,/home/austin/Desktop/codeelimination_removecode/ActivityCommunication6_codeelimination_REMOVECODE-coverage.txt,14098202,14108599,13721,13946,26,251,1243,11640,4.455197133,17.6096823,50,352,1,1,1,6
FALSE,/home/austin/Desktop/default/ActivityCommunication7-coverage.txt,/home/austin/Desktop/codeelimination_removecode/ActivityCommunication7_codeelimination_REMOVECODE-coverage.txt,14028340,14037536,13597,13813,84,300,1661,10857,3.526539278,17.97516556,44,409,1,1,1,9
FALSE,/home/austin/Desktop/default/ActivityCommunication8-coverage.txt,/home/austin/Desktop/codeelimination_removecode/ActivityCommunication8_codeelimination_REMOVECODE-coverage.txt,14058440,14069818,13464,13650,42,228,741,12119,5.369565217,18.9359375,37,349,1,1,7.5,10.5
FALSE,/home/austin/Desktop/default/ActivityEventSequence1-coverage.txt,/home/austin/Desktop/codeelimination_removecode/ActivityEventSequence1_codeelimination_REMOVECODE-coverage.txt,12694818,12678381,14617,14736,99,218,21395,4958,10.26139089,12.64795918,307,212,1,1,3,6
FALSE,/home/austin/Desktop/default/ActivityEventSequence2-coverage.txt,/home/austin/Desktop/codeelimination_removecode/ActivityEventSequence2_codeelimination_REMOVECODE-coverage.txt,13147057,13143435,15252,15534,74,356,14632,11010,15.86984816,18.22847682,287,389,1,1,9,9
FALSE,/home/austin/Desktop/default/ActivityEventSequence3-coverage.txt,/home/austin/Desktop/codeelimination_removecode/ActivityEventSequence3_codeelimination_REMOVECODE-coverage.txt,13718988,13717790,15613,15898,13,298,13708,12510,11.99300087,14.10372041,247,300,1,1,5,5
TRUE,/home/austin/Desktop/default/ActivityLifecycle1-coverage.txt,/home/austin/Desktop/codeelimination_removecode/ActivityLifecycle1_codeelimination_REMOVECODE-coverage.txt,12691365,12347759,15866,15188,890,212,503256,159650,142.4847112,184.1407151,6970,9566,1,1,24,3
FALSE,/home/austin/Desktop/default/ActivityLifecycle2-coverage.txt,/home/austin/Desktop/codeelimination_removecode/ActivityLifecycle2_codeelimination_REMOVECODE-coverage.txt,11710634,11711169,14242,14513,45,316,5167,5702,7.226573427,10.27387387,158,218,1,1,2,4
FALSE,/home/austin/Desktop/default/ActivityLifecycle3-coverage.txt,/home/austin/Desktop/codeelimination_removecode/ActivityLifecycle3_codeelimination_REMOVECODE-coverage.txt,11690940,11689500,14451,14709,23,281,6728,5288,8.64781491,7.663768116,152,186,1,1,6,3
FALSE,/home/austin/Desktop/default/ActivityLifecycle4-coverage.txt,/home/austin/Desktop/codeelimination_removecode/ActivityLifecycle4_codeelimination_REMOVECODE-coverage.txt,11718780,11720380,14254,14471,10,227,4282,5882,6.628482972,12.75921909,126,218,1,1,3,4
FALSE,/home/austin/Desktop/default/ActivitySavedState1-coverage.txt,/home/austin/Desktop/codeelimination_removecode/ActivitySavedState1_codeelimination_REMOVECODE-coverage.txt,9952170,9957400,14005,14271,1,267,230,5460,2.911392405,6.297577855,14,189,1,1,2,2
FALSE,/home/austin/Desktop/default/AllReflection-coverage.txt,/home/austin/Desktop/codeelimination_removecode/AllReflection_codeelimination_REMOVECODE-coverage.txt,16990323,17207776,14145,14344,1,200,327,217780,6.169811321,157.6973208,16,10302,1,1,9,8
FALSE,/home/austin/Desktop/default/AnonymousClass1-coverage.txt,/home/austin/Desktop/codeelimination_removecode/AnonymousClass1_codeelimination_REMOVECODE-coverage.txt,12487090,12495905,15172,15398,9,235,2173,10988,4.723913043,14.86874154,66,276,1,1,3,4
FALSE,/home/austin/Desktop/default/ApplicationLifecycle1-coverage.txt,/home/austin/Desktop/codeelimination_removecode/ApplicationLifecycle1_codeelimination_REMOVECODE-coverage.txt,11725022,11727493,14272,14492,14,234,3788,6259,6.041467305,13.48922414,90,234,1,1,2,7.5
FALSE,/home/austin/Desktop/default/ApplicationLifecycle2-coverage.txt,/home/austin/Desktop/codeelimination_removecode/ApplicationLifecycle2_codeelimination_REMOVECODE-coverage.txt,11752601,11753301,14739,14958,29,248,4902,5602,5.693379791,11.79368421,67,218,1,1,4,4
FALSE,/home/austin/Desktop/default/ApplicationLifecycle3-coverage.txt,/home/austin/Desktop/codeelimination_removecode/ApplicationLifecycle3_codeelimination_REMOVECODE-coverage.txt,12685851,12684970,14988,14995,86,93,7983,7102,13.46205734,18.83819629,1725,327,1,1,2,5
FALSE,/home/austin/Desktop/default/ApplicationModeling1-coverage.txt,/home/austin/Desktop/codeelimination_removecode/ApplicationModeling1_codeelimination_REMOVECODE-coverage.txt,10499989,10424869,14776,14797,206,227,82178,7058,34.74756871,18.0974359,1570,241,1,1,7,7.5
FALSE,/home/austin/Desktop/default/ArrayAccess1-coverage.txt,/home/austin/Desktop/codeelimination_removecode/ArrayAccess1_codeelimination_REMOVECODE-coverage.txt,11726890,11726843,14847,15036,2,191,3571,3524,5.321907601,8.23364486,90,186,1,1,2,3
FALSE,/home/austin/Desktop/default/ArrayAccess2-coverage.txt,/home/austin/Desktop/codeelimination_removecode/ArrayAccess2_codeelimination_REMOVECODE-coverage.txt,11694466,11696602,14653,14745,33,125,366,2502,2.472972973,6.05811138,16,185,1,1,3,2
FALSE,/home/austin/Desktop/default/ArrayAccess3-coverage.txt,/home/austin/Desktop/codeelimination_removecode/ArrayAccess3_codeelimination_REMOVECODE-coverage.txt,11724274,11724233,14845,15042,2,199,3567,3526,5.315946349,8.162037037,90,186,1,1,2,3
FALSE,/home/austin/Desktop/default/ArrayAccess4-coverage.txt,/home/austin/Desktop/codeelimination_removecode/ArrayAccess4_codeelimination_REMOVECODE-coverage.txt,12341005,12345609,15168,15471,5,308,3122,7726,4.075718016,13.05067568,90,186,1,1,1.5,4.5
FALSE,/home/austin/Desktop/default/ArrayAccess5-coverage.txt,/home/austin/Desktop/codeelimination_removecode/ArrayAccess5_codeelimination_REMOVECODE-coverage.txt,11764314,11765848,14936,15124,6,194,2658,4192,5.024574669,9.132897603,90,207,1,1,2,3
FALSE,/home/austin/Desktop/default/ArrayCopy1-coverage.txt,/home/austin/Desktop/codeelimination_removecode/ArrayCopy1_codeelimination_REMOVECODE-coverage.txt,9996458,10000649,14068,14255,7,194,267,4458,3.141176471,9.006060606,16,189,1,1,2,2
FALSE,/home/austin/Desktop/default/ArrayToString1-coverage.txt,/home/austin/Desktop/codeelimination_removecode/ArrayToString1_codeelimination_REMOVECODE-coverage.txt,9955686,9959684,14009,14229,1,221,291,4289,2.771428571,8.770961145,16,189,1,1,2,2
FALSE,/home/austin/Desktop/default/AsynchronousEventOrdering1-coverage.txt,/home/austin/Desktop/codeelimination_removecode/AsynchronousEventOrdering1_codeelimination_REMOVECODE-coverage.txt,9983656,9982988,14273,14490,2,219,4162,3494,5.732782369,8.627160494,209,186,1,1,3,2
FALSE,/home/austin/Desktop/default/AsyncTask1-coverage.txt,/home/austin/Desktop/codeelimination_removecode/AsyncTask1_codeelimination_REMOVECODE-coverage.txt,13320839,13326217,14842,14941,95,194,1446,6824,3.15720524,13.53968254,33,204,1,1,1.5,4.5
FALSE,/home/austin/Desktop/default/Battery1-coverage.txt,/home/austin/Desktop/codeelimination_removecode/Battery1_codeelimination_REMOVECODE-coverage.txt,22613389,22622978,14188,14444,1,257,395,9984,3.291666667,12.98309493,14,290,1,1,4.5,4
FALSE,/home/austin/Desktop/default/Bluetooth1-coverage.txt,/home/austin/Desktop/codeelimination_removecode/Bluetooth1_codeelimination_REMOVECODE-coverage.txt,22514707,22518952,13707,13921,1,215,523,4768,2.083665339,8.764705882,19,213,1,1,1,3
FALSE,/home/austin/Desktop/default/BroadcastReceiverLifecycle1-coverage.txt,/home/austin/Desktop/codeelimination_removecode/BroadcastReceiverLifecycle1_codeelimination_REMOVECODE-coverage.txt,11365901,11368652,13035,13249,1,215,158,2909,1.362068966,6.060416667,7,165,1,1,1.5,1.5
FALSE,/home/austin/Desktop/default/BroadcastReceiverLifecycle2-coverage.txt,/home/austin/Desktop/codeelimination_removecode/BroadcastReceiverLifecycle2_codeelimination_REMOVECODE-coverage.txt,13301289,13377764,14524,14657,126,259,3001,79476,3.650851582,92.84579439,37,2866,1,1,3,10.5
FALSE,/home/austin/Desktop/default/BroadcastReceiverLifecycle3-coverage.txt,/home/austin/Desktop/codeelimination_removecode/BroadcastReceiverLifecycle3_codeelimination_REMOVECODE-coverage.txt,13246868,13256385,13399,13568,29,198,533,10050,3.483660131,15.703125,21,388,1,1,3,9
FALSE,/home/austin/Desktop/default/BroadcastTaintAndLeak1-coverage.txt,/home/austin/Desktop/codeelimination_removecode/BroadcastTaintAndLeak1_codeelimination_REMOVECODE-coverage.txt,9011679,9017228,13979,14192,8,221,1429,6978,2.780155642,13.90039841,25,226,1,1,3,4.5
FALSE,/home/austin/Desktop/default/Build1-coverage.txt,/home/austin/Desktop/codeelimination_removecode/Build1_codeelimination_REMOVECODE-coverage.txt,22920905,22929178,14322,14572,1,251,405,8678,1.716101695,13.47515528,8,213,1,1,1.5,4.5
FALSE,/home/austin/Desktop/default/Button1-coverage.txt,/home/austin/Desktop/codeelimination_removecode/Button1_codeelimination_REMOVECODE-coverage.txt,11816324,11818558,14433,14604,39,210,2265,4499,5.367298578,8.255045872,90,186,1,1,3,2
FALSE,/home/austin/Desktop/default/Button2-coverage.txt,/home/austin/Desktop/codeelimination_removecode/Button2_codeelimination_REMOVECODE-coverage.txt,13059400,13104907,15880,16121,1,242,2269,47776,4.466535433,27.45747126,87,937,1,1,3,7.5
FALSE,/home/austin/Desktop/default/Button3-coverage.txt,/home/austin/Desktop/codeelimination_removecode/Button3_codeelimination_REMOVECODE-coverage.txt,13530525,13534484,15518,15749,1,232,3383,7342,4.04181601,13.30072464,90,186,1,1,2,6
FALSE,/home/austin/Desktop/default/Button4-coverage.txt,/home/austin/Desktop/codeelimination_removecode/Button4_codeelimination_REMOVECODE-coverage.txt,11792014,11794250,14416,14595,27,206,2494,4730,5.694063927,8.678899083,90,186,1,1,3,2
FALSE,/home/austin/Desktop/default/Button5-coverage.txt,/home/austin/Desktop/codeelimination_removecode/Button5_codeelimination_REMOVECODE-coverage.txt,12158152,12160001,14259,14508,3,252,2057,3906,5.168341709,8.66075388,90,186,1,1,3,2
FALSE,/home/austin/Desktop/default/BytecodeTamper1-coverage.txt,/home/austin/Desktop/codeelimination_removecode/BytecodeTamper1_codeelimination_REMOVECODE-coverage.txt,9666875,9673203,12551,12850,1,300,756,7084,2.874524715,10.04822695,26,235,1,1,1,3
FALSE,/home/austin/Desktop/default/BytecodeTamper2-coverage.txt,/home/austin/Desktop/codeelimination_removecode/BytecodeTamper2_codeelimination_REMOVECODE-coverage.txt,9439374,9443458,12050,12158,1,109,691,4775,4.34591195,8.8099631,26,235,1,1,4,6
FALSE,/home/austin/Desktop/default/BytecodeTamper3-coverage.txt,/home/austin/Desktop/codeelimination_removecode/BytecodeTamper3_codeelimination_REMOVECODE-coverage.txt,9481957,9486945,12086,12229,1,144,862,5850,5.944827586,10.03430532,29,235,1,1,6,5
FALSE,/home/austin/Desktop/default/BytecodeTamper4-coverage.txt,/home/austin/Desktop/codeelimination_removecode/BytecodeTamper4_codeelimination_REMOVECODE-coverage.txt,9446140,9451125,12090,12229,1,140,862,5847,5.944827586,10.04639175,29,235,1,1,6,7.5
FALSE,/home/austin/Desktop/default/Clone1-coverage.txt,/home/austin/Desktop/codeelimination_removecode/Clone1_codeelimination_REMOVECODE-coverage.txt,9937445,9943036,13172,13485,1,314,331,5922,3.245098039,7.991902834,16,232,1,1,4.5,2
FALSE,/home/austin/Desktop/default/Collector-coverage.txt,/home/austin/Desktop/codeelimination_removecode/Collector_codeelimination_REMOVECODE-coverage.txt,21751235,22127623,13573,13799,1,227,281,376669,3.385542169,253.6491582,7,20758,1,1,3,12
FALSE,/home/austin/Desktop/default/ComponentNotInManifest1-coverage.txt,/home/austin/Desktop/codeelimination_removecode/ComponentNotInManifest1_codeelimination_REMOVECODE-coverage.txt,13782557,13787273,13370,13526,64,220,1340,6056,3.498694517,12.06374502,33,202,1,1,2,4.5
FALSE,/home/austin/Desktop/default/Contacts1-coverage.txt,/home/austin/Desktop/codeelimination_removecode/Contacts1_codeelimination_REMOVECODE-coverage.txt,22499647,22504120,13984,14169,21,206,608,5081,1.917981073,9.982318271,19,213,1,1,1,2
FALSE,/home/austin/Desktop/default/ContentProvider1-coverage.txt,/home/austin/Desktop/codeelimination_removecode/ContentProvider1_codeelimination_REMOVECODE-coverage.txt,20612218,20622366,14543,14635,1,93,755,10903,6.50862069,21.54743083,42,494,1,1,6,7.5
FALSE,/home/austin/Desktop/default/DeviceId_Broadcast1-coverage.txt,/home/austin/Desktop/codeelimination_removecode/DeviceId_Broadcast1_codeelimination_REMOVECODE-coverage.txt,32568181,32581139,14431,14768,1,338,959,13917,2.67877095,16.45035461,13,365,1,1,1.5,7.5
FALSE,/home/austin/Desktop/default/DeviceId_contentProvider1-coverage.txt,/home/austin/Desktop/codeelimination_removecode/DeviceId_contentProvider1_codeelimination_REMOVECODE-coverage.txt,36061407,36236465,16369,16570,77,278,13864,188922,13.74033697,141.6206897,215,3865,1,1,4,24
FALSE,/home/austin/Desktop/default/DeviceId_OrderedIntent1-coverage.txt,/home/austin/Desktop/codeelimination_removecode/DeviceId_OrderedIntent1_codeelimination_REMOVECODE-coverage.txt,31712881,31731893,14549,14758,57,266,822,19834,2.521472393,27.28198074,16,431,1,1,1.5,10
FALSE,/home/austin/Desktop/default/DeviceId_Service1-coverage.txt,/home/austin/Desktop/codeelimination_removecode/DeviceId_Service1_codeelimination_REMOVECODE-coverage.txt,31545357,31561644,14570,14837,1,268,789,17076,4.088082902,21.21242236,16,421,1,1,4,6
FALSE,/home/austin/Desktop/default/DeviceId1-coverage.txt,/home/austin/Desktop/codeelimination_removecode/DeviceId1_codeelimination_REMOVECODE-coverage.txt,22301790,22305834,13809,13979,21,191,622,4666,1.890577508,9.44534413,19,213,1,1,1,3
FALSE,/home/austin/Desktop/default/DirectLeak1-coverage.txt,/home/austin/Desktop/codeelimination_removecode/DirectLeak1_codeelimination_REMOVECODE-coverage.txt,11534672,11538440,13154,13374,1,221,324,4092,3.207920792,8.454545455,16,186,1,1,2,3
FALSE,/home/austin/Desktop/default/DynamicBoth1-coverage.txt,/home/austin/Desktop/codeelimination_removecode/DynamicBoth1_codeelimination_REMOVECODE-coverage.txt,10681119,10798325,13375,13608,1,234,88,117294,3.259259259,89.33282559,4,5344,1,1,4,6
FALSE,/home/austin/Desktop/default/DynamicSink1-coverage.txt,/home/austin/Desktop/codeelimination_removecode/DynamicSink1_codeelimination_REMOVECODE-coverage.txt,11040454,11158566,13954,14231,1,278,1180,119292,38.06451613,86.56894049,288,5404,1,1,4,9
FALSE,/home/austin/Desktop/default/DynamicSource1-coverage.txt,/home/austin/Desktop/codeelimination_removecode/DynamicSource1_codeelimination_REMOVECODE-coverage.txt,10692982,10810458,13382,13605,5,228,93,117569,2.90625,89.54226961,4,5344,1,1,6,6
FALSE,/home/austin/Desktop/default/Echoer-coverage.txt,/home/austin/Desktop/codeelimination_removecode/Echoer_codeelimination_REMOVECODE-coverage.txt,13434087,13659012,13438,13651,1,214,228,225153,3.257142857,167.2756315,7,12008,1,1,3,10.5
FALSE,/home/austin/Desktop/default/EventOrdering1-coverage.txt,/home/austin/Desktop/codeelimination_removecode/EventOrdering1_codeelimination_REMOVECODE-coverage.txt,23896524,23908883,14472,14736,24,288,3560,15919,5.677830941,23.27339181,88,452,1,1,2,12
FALSE,/home/austin/Desktop/default/Exceptions1-coverage.txt,/home/austin/Desktop/codeelimination_removecode/Exceptions1_codeelimination_REMOVECODE-coverage.txt,12495098,12671617,14523,14780,1,258,110,176629,1.486486486,149.4323181,4,10360,1,1,1.5,3
FALSE,/home/austin/Desktop/default/Exceptions2-coverage.txt,/home/austin/Desktop/codeelimination_removecode/Exceptions2_codeelimination_REMOVECODE-coverage.txt,12271679,12444389,14290,14477,1,188,151,172861,1.797619048,164.9437023,7,10360,1,1,1.5,3
FALSE,/home/austin/Desktop/default/Exceptions3-coverage.txt,/home/austin/Desktop/codeelimination_removecode/Exceptions3_codeelimination_REMOVECODE-coverage.txt,12220106,12392533,14211,14398,1,188,146,172573,1.825,164.6688931,7,10360,1,1,1.5,3
FALSE,/home/austin/Desktop/default/Exceptions4-coverage.txt,/home/austin/Desktop/codeelimination_removecode/Exceptions4_codeelimination_REMOVECODE-coverage.txt,12466465,12642640,13892,14199,1,308,111,176286,1.5,144.852917,4,10360,1,1,1.5,2
FALSE,/home/austin/Desktop/default/Exceptions5-coverage.txt,/home/austin/Desktop/codeelimination_removecode/Exceptions5_codeelimination_REMOVECODE-coverage.txt,12423810,12601922,13795,14032,1,238,78,178190,1.147058824,150.4983108,4,10360,1,1,1.5,4.5
FALSE,/home/austin/Desktop/default/Exceptions6-coverage.txt,/home/austin/Desktop/codeelimination_removecode/Exceptions6_codeelimination_REMOVECODE-coverage.txt,12292557,12460902,15635,15833,65,263,3812,172157,7.991614256,155.5167118,136,10272,1,1,3,2
FALSE,/home/austin/Desktop/default/Exceptions7-coverage.txt,/home/austin/Desktop/codeelimination_removecode/Exceptions7_codeelimination_REMOVECODE-coverage.txt,12286340,12457195,14720,14924,30,234,2067,172922,5.526737968,124.5835735,59,10272,1,1,3,3
FALSE,/home/austin/Desktop/default/Executor1-coverage.txt,/home/austin/Desktop/codeelimination_removecode/Executor1_codeelimination_REMOVECODE-coverage.txt,13423854,13431885,15149,15379,1,231,179,8210,2.452054795,13.72909699,8,186,1,1,2,6
FALSE,/home/austin/Desktop/default/FactoryMethods1-coverage.txt,/home/austin/Desktop/codeelimination_removecode/FactoryMethods1_codeelimination_REMOVECODE-coverage.txt,12280703,12288739,13692,13917,1,226,531,8567,3.933333333,13.68530351,16,272,1,1,4,9
FALSE,/home/austin/Desktop/default/FieldSensitivity1-coverage.txt,/home/austin/Desktop/codeelimination_removecode/FieldSensitivity1_codeelimination_REMOVECODE-coverage.txt,12190607,12191740,14680,15006,7,333,6885,8018,9.18,12.05714286,153,186,1,1,6,2
FALSE,/home/austin/Desktop/default/FieldSensitivity2-coverage.txt,/home/austin/Desktop/codeelimination_removecode/FieldSensitivity2_codeelimination_REMOVECODE-coverage.txt,11997869,12006253,14583,14874,88,379,759,9143,2.472312704,12.98721591,15,186,1,1,1,6
FALSE,/home/austin/Desktop/default/FieldSensitivity3-coverage.txt,/home/austin/Desktop/codeelimination_removecode/FieldSensitivity3_codeelimination_REMOVECODE-coverage.txt,12004665,12013892,15144,15455,21,332,390,9617,1.477272727,10.78139013,8,186,1,1,1.5,3
FALSE,/home/austin/Desktop/default/FieldSensitivity4-coverage.txt,/home/austin/Desktop/codeelimination_removecode/FieldSensitivity4_codeelimination_REMOVECODE-coverage.txt,11858658,11866052,14145,14506,1,362,342,7736,1.561643836,11.06723891,8,186,1,1,1,2
FALSE,/home/austin/Desktop/default/File1-coverage.txt,/home/austin/Desktop/codeelimination_removecode/File1_codeelimination_REMOVECODE-coverage.txt,22818293,22832220,13776,13970,2,196,796,14723,3.121568627,23.70853462,19,437,1,1,1,12
FALSE,/home/austin/Desktop/default/FlowSensitivity1-coverage.txt,/home/austin/Desktop/codeelimination_removecode/FlowSensitivity1_codeelimination_REMOVECODE-coverage.txt,20623612,20621076,15187,15521,24,358,16297,13761,16.183714,10.17073171,273,347,1,1,8,3
FALSE,/home/austin/Desktop/default/FragmentLifecycle1-coverage.txt,/home/austin/Desktop/codeelimination_removecode/FragmentLifecycle1_codeelimination_REMOVECODE-coverage.txt,12971266,12973139,14526,14728,11,213,7005,8878,8.164335664,12.22865014,110,323,1,1,6,4.5
FALSE,/home/austin/Desktop/default/FragmentLifecycle2-coverage.txt,/home/austin/Desktop/codeelimination_removecode/FragmentLifecycle2_codeelimination_REMOVECODE-coverage.txt,11841203,11867792,13800,13991,1,192,1522,28111,5.876447876,41.09795322,39,1204,1,1,3,12
FALSE,/home/austin/Desktop/default/HashMapAccess1-coverage.txt,/home/austin/Desktop/codeelimination_removecode/HashMapAccess1_codeelimination_REMOVECODE-coverage.txt,12150795,12156373,14121,14332,21,232,644,6222,2.057507987,9.752351097,17,228,1,1,1,6
FALSE,/home/austin/Desktop/default/IMEI1-coverage.txt,/home/austin/Desktop/codeelimination_removecode/IMEI1_codeelimination_REMOVECODE-coverage.txt,20447602,20456003,14319,14631,1,313,182,8583,2.363636364,13.26584235,8,189,1,1,2,3
FALSE,/home/austin/Desktop/default/ImplicitFlow1-coverage.txt,/home/austin/Desktop/codeelimination_removecode/ImplicitFlow1_codeelimination_REMOVECODE-coverage.txt,17025106,17047090,16231,16443,32,244,4775,26759,7.555379747,41.42260062,630,849,1,1,3,6
FALSE,/home/austin/Desktop/default/ImplicitFlow2-coverage.txt,/home/austin/Desktop/codeelimination_removecode/ImplicitFlow2_codeelimination_REMOVECODE-coverage.txt,11873976,11878707,13990,14150,77,237,1433,6164,2.924489796,9.909967846,33,216,1,1,1.5,6
FALSE,/home/austin/Desktop/default/ImplicitFlow3-coverage.txt,/home/austin/Desktop/codeelimination_removecode/ImplicitFlow3_codeelimination_REMOVECODE-coverage.txt,12432804,12444327,14742,15006,24,288,5258,16781,5.575821845,24.56954612,108,397,1,1,2,12
FALSE,/home/austin/Desktop/default/ImplicitFlow4-coverage.txt,/home/austin/Desktop/codeelimination_removecode/ImplicitFlow4_codeelimination_REMOVECODE-coverage.txt,12423410,12613698,15170,15386,81,297,376,190664,2.764705882,89.05371322,13,9814,1,1,1.5,6
FALSE,/home/austin/Desktop/default/ImplicitFlow5-coverage.txt,/home/austin/Desktop/codeelimination_removecode/ImplicitFlow5_codeelimination_REMOVECODE-coverage.txt,12115855,12283189,14578,14785,70,277,316,167650,1.462962963,142.9241262,5,9800,1,1,1.5,2
FALSE,/home/austin/Desktop/default/ImplicitFlow6-coverage.txt,/home/austin/Desktop/codeelimination_removecode/ImplicitFlow6_codeelimination_REMOVECODE-coverage.txt,12042060,12050366,13846,14126,5,285,172,8478,2.356164384,10.49257426,8,186,1,1,2,3
FALSE,/home/austin/Desktop/default/InactiveActivity-coverage.txt,/home/austin/Desktop/codeelimination_removecode/InactiveActivity_codeelimination_REMOVECODE-coverage.txt,10072676,10072679,4735,4743,0,8,5,8,1,1,1,1,1,1,1,1.5
FALSE,/home/austin/Desktop/default/InheritedObjects1-coverage.txt,/home/austin/Desktop/codeelimination_removecode/InheritedObjects1_codeelimination_REMOVECODE-coverage.txt,11958283,11966866,14187,14478,1,292,148,8731,2.114285714,12.22829132,8,186,1,1,3,3
FALSE,/home/austin/Desktop/default/IntentSink1-coverage.txt,/home/austin/Desktop/codeelimination_removecode/IntentSink1_codeelimination_REMOVECODE-coverage.txt,11913060,11898618,14823,15037,76,290,20000,5558,19.90049751,11.95268817,484,202,1,1,7,3
FALSE,/home/austin/Desktop/default/IntentSink2-coverage.txt,/home/austin/Desktop/codeelimination_removecode/IntentSink2_codeelimination_REMOVECODE-coverage.txt,11916524,11921783,13536,13790,1,255,302,5561,2.903846154,8.238518519,14,202,1,1,3,3
FALSE,/home/austin/Desktop/default/IntentSource1-coverage.txt,/home/austin/Desktop/codeelimination_removecode/IntentSource1_codeelimination_REMOVECODE-coverage.txt,13007121,13013175,12127,12356,1,230,241,6295,3.08974359,9.566869301,13,207,1,1,3,4.5
FALSE,/home/austin/Desktop/default/IP1-coverage.txt,/home/austin/Desktop/codeelimination_removecode/IP1_codeelimination_REMOVECODE-coverage.txt,23177876,23500671,14872,15050,21,199,226,323021,1.337278107,285.3542403,10,19377,1,1,1,3
FALSE,/home/austin/Desktop/default/JavaIDFunction-coverage.txt,/home/austin/Desktop/codeelimination_removecode/JavaIDFunction_codeelimination_REMOVECODE-coverage.txt,10447971,10457960,12669,12947,3,281,375,10364,2.906976744,14.76353276,12,206,1,1,3,6
FALSE,/home/austin/Desktop/default/JavaThread1-coverage.txt,/home/austin/Desktop/codeelimination_removecode/JavaThread1_codeelimination_REMOVECODE-coverage.txt,13474816,13484119,15106,15340,54,288,723,10026,1.78960396,15.00898204,12,198,1,1,3,4.5
FALSE,/home/austin/Desktop/default/JavaThread2-coverage.txt,/home/austin/Desktop/codeelimination_removecode/JavaThread2_codeelimination_REMOVECODE-coverage.txt,13501864,13511493,15166,15417,9,260,999,10628,2.181222707,14.18958611,21,221,1,1,1.5,2
FALSE,/home/austin/Desktop/default/Library2-coverage.txt,/home/austin/Desktop/codeelimination_removecode/Library2_codeelimination_REMOVECODE-coverage.txt,12413104,12421131,13971,14185,21,235,274,8301,1.756410256,14.31206897,8,186,1,1,3,6
FALSE,/home/austin/Desktop/default/ListAccess1-coverage.txt,/home/austin/Desktop/codeelimination_removecode/ListAccess1_codeelimination_REMOVECODE-coverage.txt,11715535,11714477,14742,14960,13,231,6684,5626,7.682758621,10.65530303,152,282,1,1,4.5,7.5
FALSE,/home/austin/Desktop/default/Location_Broadcast1-coverage.txt,/home/austin/Desktop/codeelimination_removecode/Location_Broadcast1_codeelimination_REMOVECODE-coverage.txt,31844537,31953855,15352,15638,1,287,1108,110426,3.656765677,92.79495798,22,2893,1,1,2,15
FALSE,/home/austin/Desktop/default/Location_Service1-coverage.txt,/home/austin/Desktop/codeelimination_removecode/Location_Service1_codeelimination_REMOVECODE-coverage.txt,20023519,20041380,15498,15760,0,262,3167,21028,4.217043941,26.65145754,58,568,1,1,2,8
FALSE,/home/austin/Desktop/default/Location1-coverage.txt,/home/austin/Desktop/codeelimination_removecode/Location1_codeelimination_REMOVECODE-coverage.txt,31814301,31823524,15375,15614,21,260,3492,12715,4.454081633,13.05441478,124,268,1,1,3,6
FALSE,/home/austin/Desktop/default/LocationLeak1-coverage.txt,/home/austin/Desktop/codeelimination_removecode/LocationLeak1_codeelimination_REMOVECODE-coverage.txt,13349274,13444232,15915,16155,1,241,8684,103642,7.76744186,84.81342062,154,2889,1,1,4.5,10.5
FALSE,/home/austin/Desktop/default/LocationLeak2-coverage.txt,/home/austin/Desktop/codeelimination_removecode/LocationLeak2_codeelimination_REMOVECODE-coverage.txt,12727658,12777816,15571,15811,2,242,4608,54766,8,32.46354475,166,829,1,1,3,10
FALSE,/home/austin/Desktop/default/LocationLeak3-coverage.txt,/home/austin/Desktop/codeelimination_removecode/LocationLeak3_codeelimination_REMOVECODE-coverage.txt,13008442,13011458,15747,16015,1,269,5931,8947,7.069129917,10.55070755,165,244,1,1,3,4.5
FALSE,/home/austin/Desktop/default/LogNoLeak-coverage.txt,/home/austin/Desktop/codeelimination_removecode/LogNoLeak_codeelimination_REMOVECODE-coverage.txt,11216980,11220948,11740,11973,1,234,241,4209,2.835294118,7.896810507,14,186,1,1,2,2
FALSE,/home/austin/Desktop/default/Loop1-coverage.txt,/home/austin/Desktop/codeelimination_removecode/Loop1_codeelimination_REMOVECODE-coverage.txt,12162147,12169800,15087,15349,1,263,344,7997,1.556561086,13.62350937,8,186,1,1,1,4
FALSE,/home/austin/Desktop/default/Loop2-coverage.txt,/home/austin/Desktop/codeelimination_removecode/Loop2_codeelimination_REMOVECODE-coverage.txt,12247352,12255277,14979,15248,14,283,1409,9334,16.38372093,15.50498339,139,186,1,1,3,6
FALSE,/home/austin/Desktop/default/Looper1-coverage.txt,/home/austin/Desktop/codeelimination_removecode/Looper1_codeelimination_REMOVECODE-coverage.txt,20315754,20618958,16105,16327,36,258,827,304031,5.587837838,199.3645902,26,17077,1,1,9,4
FALSE,/home/austin/Desktop/default/Merge1-coverage.txt,/home/austin/Desktop/codeelimination_removecode/Merge1_codeelimination_REMOVECODE-coverage.txt,20761270,20776597,15788,16005,80,297,765,16092,3.558139535,16.71028037,20,391,1,1,2,4
FALSE,/home/austin/Desktop/default/MethodOverride1-coverage.txt,/home/austin/Desktop/codeelimination_removecode/MethodOverride1_codeelimination_REMOVECODE-coverage.txt,11538654,11542639,13079,13282,18,221,287,4272,2.141791045,8.736196319,14,186,1,1,3,2
FALSE,/home/austin/Desktop/default/MultidimensionalArray1-coverage.txt,/home/austin/Desktop/codeelimination_removecode/MultidimensionalArray1_codeelimination_REMOVECODE-coverage.txt,9933033,9936986,13899,14119,1,221,264,4217,3.219512195,8.519191919,16,189,1,1,3,2
FALSE,/home/austin/Desktop/default/MultiHandlers1-coverage.txt,/home/austin/Desktop/codeelimination_removecode/MultiHandlers1_codeelimination_REMOVECODE-coverage.txt,13354189,13375156,14160,14493,0,333,593,21560,7.701298701,26.91635456,24,701,2,1,6,7
FALSE,/home/austin/Desktop/default/NativeIDFunction-coverage.txt,/home/austin/Desktop/codeelimination_removecode/NativeIDFunction_codeelimination_REMOVECODE-coverage.txt,11223152,11235993,15052,15309,1,258,363,13204,3.025,17.32808399,12,337,1,1,4.5,6
FALSE,/home/austin/Desktop/default/Obfuscation1-coverage.txt,/home/austin/Desktop/codeelimination_removecode/Obfuscation1_codeelimination_REMOVECODE-coverage.txt,12032863,12037054,13278,13489,1,212,261,4452,3.303797468,8.21402214,16,186,1,1,2,3
FALSE,/home/austin/Desktop/default/ObjectSensitivity1-coverage.txt,/home/austin/Desktop/codeelimination_removecode/ObjectSensitivity1_codeelimination_REMOVECODE-coverage.txt,11598700,11606386,13591,13846,15,270,660,8346,2.462686567,11.87197724,17,272,1,1,1.5,4
FALSE,/home/austin/Desktop/default/ObjectSensitivity2-coverage.txt,/home/austin/Desktop/codeelimination_removecode/ObjectSensitivity2_codeelimination_REMOVECODE-coverage.txt,11884502,11892449,14328,14617,1,290,332,8279,1.52293578,11.02396804,8,186,1,1,1.5,2
FALSE,/home/austin/Desktop/default/OnlyIntentReceive-coverage.txt,/home/austin/Desktop/codeelimination_removecode/OnlyIntent_codeelimination_REMOVECODE-coverage.txt,14117587,15663797,13922,16878,20,2976,63042,1609252,40.12858052,193.6524669,2933,28129,1,1,5,18
FALSE,/home/austin/Desktop/default/OnlyIntent-coverage.txt,/home/austin/Desktop/codeelimination_removecode/OnlyIntentReceive_codeelimination_REMOVECODE-coverage.txt,15472285,14309164,16680,14123,2774,217,1280186,117065,164.2106208,57.41294752,27631,4306,1,1,18,5
FALSE,/home/austin/Desktop/default/OnlySMS-coverage.txt,/home/austin/Desktop/codeelimination_removecode/OnlySMS_codeelimination_REMOVECODE-coverage.txt,13749421,13934760,14177,14381,1,205,527,185866,2.261802575,161.9041812,12,10270,1,1,1,6
FALSE,/home/austin/Desktop/default/OnlyTelephony_Substring-coverage.txt,/home/austin/Desktop/codeelimination_removecode/OnlyTelephony_codeelimination_REMOVECODE-coverage.txt,13290931,13431206,13435,13620,19,204,45927,186202,14.79606959,111.4314782,704,10248,1,1,4.5,6
FALSE,/home/austin/Desktop/default/OnlyTelephony-coverage.txt,/home/austin/Desktop/codeelimination_removecode/OnlyTelephony_Dynamic_codeelimination_REMOVECODE-coverage.txt,13241976,13429178,13421,13620,5,204,8225,195427,7.023911187,111.9925501,170,10259,1,1,2,4
FALSE,/home/austin/Desktop/default/OnlyTelephony_Dynamic-coverage.txt,/home/austin/Desktop/codeelimination_removecode/OnlyTelephony_Reverse_codeelimination_REMOVECODE-coverage.txt,13239942,13623875,13417,13706,1,290,3457,387390,5.980968858,85.9338953,116,10282,1,1,4.5,13.5
FALSE,/home/austin/Desktop/default/OnlyTelephony_Reverse-coverage.txt,/home/austin/Desktop/codeelimination_removecode/OnlyTelephony_Substring_codeelimination_REMOVECODE-coverage.txt,13429923,13480423,13498,13637,73,212,105498,155998,26.26942231,169.1952278,2293,10251,1,1,9,4.5
FALSE,/home/austin/Desktop/default/Ordering1-coverage.txt,/home/austin/Desktop/codeelimination_removecode/Ordering1_codeelimination_REMOVECODE-coverage.txt,13233318,13229398,15289,15496,30,237,13118,9198,14.88989784,14.95609756,244,272,1,1,6,5
FALSE,/home/austin/Desktop/default/Parcel1-coverage.txt,/home/austin/Desktop/codeelimination_removecode/Parcel1_codeelimination_REMOVECODE-coverage.txt,10832505,10845426,15294,15409,40,155,267,13188,2.282051282,18.41899441,12,244,1,1,2,7.5
FALSE,/home/austin/Desktop/default/PI1-coverage.txt,/home/austin/Desktop/codeelimination_removecode/PI1_codeelimination_REMOVECODE-coverage.txt,24421375,24442662,15120,15369,1,250,752,22039,3.12033195,30.95365169,20,645,1,1,1,12
FALSE,/home/austin/Desktop/default/PlayStore1-coverage.txt,/home/austin/Desktop/codeelimination_removecode/PlayStore1_codeelimination_REMOVECODE-coverage.txt,19838691,19848311,14619,14847,1,229,1119,10739,4.973333333,14.99860335,38,281,1,1,3,7.5
FALSE,/home/austin/Desktop/default/PlayStore2-coverage.txt,/home/austin/Desktop/codeelimination_removecode/PlayStore2_codeelimination_REMOVECODE-coverage.txt,66256910,67341078,15910,16123,1,214,338,1084506,1.673267327,888.9393443,8,61399,1,1,1.5,21
FALSE,/home/austin/Desktop/default/PrivateDataLeak1-coverage.txt,/home/austin/Desktop/codeelimination_removecode/PrivateDataLeak1_codeelimination_REMOVECODE-coverage.txt,13332332,13367390,16507,16761,52,306,6440,41498,6.722338205,47.2642369,153,936,1,1,3,21
FALSE,/home/austin/Desktop/default/PrivateDataLeak2-coverage.txt,/home/austin/Desktop/codeelimination_removecode/PrivateDataLeak2_codeelimination_REMOVECODE-coverage.txt,11588032,11589534,13971,14191,1,221,2576,4078,4.351351351,8.123505976,66,186,1,1,3,3
FALSE,/home/austin/Desktop/default/PrivateDataLeak3-coverage.txt,/home/austin/Desktop/codeelimination_removecode/PrivateDataLeak3_codeelimination_REMOVECODE-coverage.txt,12993392,13169599,15405,15511,85,191,5122,181329,5.011741683,182.975782,66,10318,1,1,4.5,3
FALSE,/home/austin/Desktop/default/PublicAPIField1-coverage.txt,/home/austin/Desktop/codeelimination_removecode/PublicAPIField1_codeelimination_REMOVECODE-coverage.txt,10418714,10517874,14631,14914,4,287,514,99674,1.992248062,88.99464286,10,2889,1,1,1.5,6
FALSE,/home/austin/Desktop/default/PublicAPIField2-coverage.txt,/home/austin/Desktop/codeelimination_removecode/PublicAPIField2_codeelimination_REMOVECODE-coverage.txt,9957785,9962800,13611,13839,1,229,440,5455,3.120567376,8.741987179,16,320,1,1,3,4.5
FALSE,/home/austin/Desktop/default/Reflection1-coverage.txt,/home/austin/Desktop/codeelimination_removecode/Reflection1_codeelimination_REMOVECODE-coverage.txt,12894149,13078111,15234,15428,6,200,135,184097,2.25,136.3681481,26,10372,1,1,3,6
FALSE,/home/austin/Desktop/default/Reflection2-coverage.txt,/home/austin/Desktop/codeelimination_removecode/Reflection2_codeelimination_REMOVECODE-coverage.txt,12903439,13087367,14780,14968,11,199,88,184016,1.725490196,136.2072539,3,10372,1,1,2,4
FALSE,/home/austin/Desktop/default/Reflection3-coverage.txt,/home/austin/Desktop/codeelimination_removecode/Reflection3_codeelimination_REMOVECODE-coverage.txt,13940440,14133011,14647,14805,44,202,136,192707,1.346534653,157.9565574,3,10366,1,1,1,13.5
FALSE,/home/austin/Desktop/default/Reflection4-coverage.txt,/home/austin/Desktop/codeelimination_removecode/Reflection4_codeelimination_REMOVECODE-coverage.txt,12349894,12532058,13039,13236,2,199,75,182239,1.744186047,154.5708227,2,10366,1,1,2,5
FALSE,/home/austin/Desktop/default/Reflection5-coverage.txt,/home/austin/Desktop/codeelimination_removecode/Reflection5_codeelimination_REMOVECODE-coverage.txt,12588350,12600202,13486,13637,1,152,120,11972,1.764705882,16.65090403,8,338,1,1,3,5
FALSE,/home/austin/Desktop/default/Reflection6-coverage.txt,/home/austin/Desktop/codeelimination_removecode/Reflection6_codeelimination_REMOVECODE-coverage.txt,10015122,10121956,13129,13326,1,198,57,106891,1.9,89.5984912,2,5366,1,1,3,6
FALSE,/home/austin/Desktop/default/Reflection7-coverage.txt,/home/austin/Desktop/codeelimination_removecode/Reflection7_codeelimination_REMOVECODE-coverage.txt,13777397,13971726,14961,15169,5,213,91,194420,2.676470588,140.9862219,15,10362,1,1,3,6
FALSE,/home/austin/Desktop/default/Reflection8-coverage.txt,/home/austin/Desktop/codeelimination_removecode/Reflection8_codeelimination_REMOVECODE-coverage.txt,13203072,13394453,13535,13733,0,198,68,191449,1.743589744,159.940685,2,10356,1,1,2,8
FALSE,/home/austin/Desktop/default/Reflection9-coverage.txt,/home/austin/Desktop/codeelimination_removecode/Reflection9_codeelimination_REMOVECODE-coverage.txt,13773478,13966244,13713,13910,1,198,57,192823,1.9,158.9637263,2,10356,1,1,3,8
FALSE,/home/austin/Desktop/default/RegisterGlobal1-coverage.txt,/home/austin/Desktop/codeelimination_removecode/RegisterGlobal1_codeelimination_REMOVECODE-coverage.txt,13558111,13584966,15638,15872,31,265,1679,28534,7.737327189,32.20541761,47,844,1,1,4,15
FALSE,/home/austin/Desktop/default/RegisterGlobal2-coverage.txt,/home/austin/Desktop/codeelimination_removecode/RegisterGlobal2_codeelimination_REMOVECODE-coverage.txt,12725397,12737754,15408,15619,34,245,555,12912,3.245614035,21.92190153,20,376,1,1,2,5
FALSE,/home/austin/Desktop/default/SendSMS-coverage.txt,/home/austin/Desktop/codeelimination_removecode/SendSMS_codeelimination_REMOVECODE-coverage.txt,13600158,13646324,15558,15761,53,256,1062,47228,4.657894737,40.81936041,53,963,1,1,4.5,8
FALSE,/home/austin/Desktop/default/Sensors1-coverage.txt,/home/austin/Desktop/codeelimination_removecode/Sensors1_codeelimination_REMOVECODE-coverage.txt,22817218,22823304,13903,14095,3,195,528,6614,2.022988506,10.65056361,19,213,1,1,1,2
FALSE,/home/austin/Desktop/default/Serialization1-coverage.txt,/home/austin/Desktop/codeelimination_removecode/Serialization1_codeelimination_REMOVECODE-coverage.txt,10752364,10882423,15029,15235,45,251,327,130386,3.554347826,64.93326693,12,5800,1,1,3,9
FALSE,/home/austin/Desktop/default/ServiceCommunication1-coverage.txt,/home/austin/Desktop/codeelimination_removecode/ServiceCommunication1_codeelimination_REMOVECODE-coverage.txt,10814914,10831746,14441,14494,94,147,688,17520,3.510204082,25.68914956,24,575,1,1,1.5,10.5
FALSE,/home/austin/Desktop/default/ServiceEventSequence1-coverage.txt,/home/austin/Desktop/codeelimination_removecode/ServiceEventSequence1_codeelimination_REMOVECODE-coverage.txt,14364095,14377952,14770,14970,35,235,571,14428,4.642276423,20.40735502,20,389,1,1,5,6
FALSE,/home/austin/Desktop/default/ServiceEventSequence2-coverage.txt,/home/austin/Desktop/codeelimination_removecode/ServiceEventSequence2_codeelimination_REMOVECODE-coverage.txt,14649960,14664874,14873,15184,20,331,584,15498,5.782178218,18.99264706,20,424,1,1,6,7.5
FALSE,/home/austin/Desktop/default/ServiceEventSequence3-coverage.txt,/home/austin/Desktop/codeelimination_removecode/ServiceEventSequence3_codeelimination_REMOVECODE-coverage.txt,14592199,14604072,14920,15135,46,261,3892,15765,4.895597484,24.6713615,405,501,1,1,1,7
FALSE,/home/austin/Desktop/default/ServiceLifecycle1-coverage.txt,/home/austin/Desktop/codeelimination_removecode/ServiceLifecycle1_codeelimination_REMOVECODE-coverage.txt,11541625,11544768,14398,14571,41,214,251,3394,1.588607595,6.320297952,10,165,1,1,1.5,1
FALSE,/home/austin/Desktop/default/ServiceLifecycle2-coverage.txt,/home/austin/Desktop/codeelimination_removecode/ServiceLifecycle2_codeelimination_REMOVECODE-coverage.txt,10190618,10196383,14535,14703,19,187,427,6192,3.5,12.31013917,24,210,1,1,4.5,3
FALSE,/home/austin/Desktop/default/SharedPreferenceChanged1-coverage.txt,/home/austin/Desktop/codeelimination_removecode/SharedPreferenceChanged1_codeelimination_REMOVECODE-coverage.txt,9919700,9923867,12976,13206,1,231,261,4428,3.303797468,8.499040307,16,189,1,1,2,2
FALSE,/home/austin/Desktop/default/SharedPreferences1-coverage.txt,/home/austin/Desktop/codeelimination_removecode/SharedPreferences1_codeelimination_REMOVECODE-coverage.txt,22668132,22791922,15810,16015,19,224,2376,126166,4.898969072,94.64816204,45,5586,1,1,4,6
FALSE,/home/austin/Desktop/default/SimpleAliasing1-coverage.txt,/home/austin/Desktop/codeelimination_removecode/SimpleAliasing1_codeelimination_REMOVECODE-coverage.txt,20462273,20476527,15554,15795,30,271,404,14658,4,19.72812921,20,359,1,1,3,5
FALSE,/home/austin/Desktop/default/SimpleUnreachable1-coverage.txt,/home/austin/Desktop/codeelimination_removecode/SimpleUnreachable1_codeelimination_REMOVECODE-coverage.txt,37012743,37014351,12551,12644,1,94,293,1901,2.688073394,5.137837838,14,57,1,1,2,3
FALSE,/home/austin/Desktop/default/Singletons1-coverage.txt,/home/austin/Desktop/codeelimination_removecode/Singletons1_codeelimination_REMOVECODE-coverage.txt,10537619,10542167,15378,15611,38,271,7589,12137,10.13217623,15.26666667,204,280,1,1,4,9
FALSE,/home/austin/Desktop/default/SinkInNativeCode-coverage.txt,/home/austin/Desktop/codeelimination_removecode/SinkInNativeCode_codeelimination_REMOVECODE-coverage.txt,10576021,10587588,12776,13058,3,285,387,11954,3.225,16.5567867,12,227,1,1,4.5,7.5
FALSE,/home/austin/Desktop/default/SinkInNativeLibCode-coverage.txt,/home/austin/Desktop/codeelimination_removecode/SinkInNativeLibCode_codeelimination_REMOVECODE-coverage.txt,10697149,10709562,12821,13097,5,281,393,12806,3.144,17.86052999,12,265,1,1,3,5
FALSE,/home/austin/Desktop/default/SourceCodeSpecific1-coverage.txt,/home/austin/Desktop/codeelimination_removecode/SourceCodeSpecific1_codeelimination_REMOVECODE-coverage.txt,11821024,11830785,13854,14099,1,246,531,10292,6.986842105,15.02481752,25,307,1,1,7.5,6
FALSE,/home/austin/Desktop/default/SourceInNativeCode-coverage.txt,/home/austin/Desktop/codeelimination_removecode/SourceInNativeCode_codeelimination_REMOVECODE-coverage.txt,10550717,10562243,12766,13044,3,281,388,11914,3.233333333,16.61645746,12,233,1,1,4.5,5
FALSE,/home/austin/Desktop/default/StartActivityForResult1-coverage.txt,/home/austin/Desktop/codeelimination_removecode/StartActivityForResult1_codeelimination_REMOVECODE-coverage.txt,14059266,14288218,16013,16222,21,230,2996,231948,15.44329897,125.9218241,478,12077,1,1,3,7.5
FALSE,/home/austin/Desktop/default/StartProcessWithSecret1-coverage.txt,/home/austin/Desktop/codeelimination_removecode/StartProcessWithSecret1_codeelimination_REMOVECODE-coverage.txt,10038143,10141664,14076,14271,5,200,115,103636,2.804878049,68.58769027,5,5556,1,1,3,3
FALSE,/home/austin/Desktop/default/StaticInitialization1-coverage.txt,/home/austin/Desktop/codeelimination_removecode/StaticInitialization1_codeelimination_REMOVECODE-coverage.txt,11876611,11881867,14032,14293,21,282,1734,6990,4.503896104,12.28471002,90,186,1,1,2,5
FALSE,/home/austin/Desktop/default/StaticInitialization2-coverage.txt,/home/austin/Desktop/codeelimination_removecode/StaticInitialization2_codeelimination_REMOVECODE-coverage.txt,11920901,11926353,14799,15022,14,237,2939,8391,4.818032787,9.428089888,90,186,1,1,3,6
FALSE,/home/austin/Desktop/default/StaticInitialization3-coverage.txt,/home/austin/Desktop/codeelimination_removecode/StaticInitialization3_codeelimination_REMOVECODE-coverage.txt,10181038,10184878,14066,14288,14,236,2814,6654,4.417582418,12.84555985,88,186,1,1,2,7.5
FALSE,/home/austin/Desktop/default/StringFormatter1-coverage.txt,/home/austin/Desktop/codeelimination_removecode/StringFormatter1_codeelimination_REMOVECODE-coverage.txt,10249639,10259445,13797,14102,5,310,831,10637,3.089219331,15.28304598,20,240,1,1,2,6
FALSE,/home/austin/Desktop/default/StringPatternMatching1-coverage.txt,/home/austin/Desktop/codeelimination_removecode/StringPatternMatching1_codeelimination_REMOVECODE-coverage.txt,9901394,9905366,13547,13772,1,226,267,4239,3.141176471,8.074285714,16,189,1,1,2,2
FALSE,/home/austin/Desktop/default/StringToCharArray1-coverage.txt,/home/austin/Desktop/codeelimination_removecode/StringToCharArray1_codeelimination_REMOVECODE-coverage.txt,10536830,10545436,14911,15167,7,263,187,8793,2.308641975,13.76056338,8,189,1,1,2,3
FALSE,/home/austin/Desktop/default/StringToOutputStream1-coverage.txt,/home/austin/Desktop/codeelimination_removecode/StringToOutputStream1_codeelimination_REMOVECODE-coverage.txt,9949782,9953833,13840,14068,1,229,1255,5306,5.060483871,8.39556962,20,203,1,1,7.5,4.5
FALSE,/home/austin/Desktop/default/StrongUpdate1-coverage.txt,/home/austin/Desktop/codeelimination_removecode/StrongUpdate1_codeelimination_REMOVECODE-coverage.txt,20485759,20500324,14909,15141,24,256,325,14890,3.009259259,21.51734104,20,369,1,1,3,7.5
FALSE,/home/austin/Desktop/default/SubscriberId1-coverage.txt,/home/austin/Desktop/codeelimination_removecode/SubscriberId1_codeelimination_REMOVECODE-coverage.txt,22731511,22739595,14476,14710,1,235,417,8501,1.681451613,14.73310225,8,213,1,1,1.5,4
FALSE,/home/austin/Desktop/default/TimerTask1-coverage.txt,/home/austin/Desktop/codeelimination_removecode/TimerTask1_codeelimination_REMOVECODE-coverage.txt,19815077,19806742,14572,14882,8,318,18609,10274,17.57223796,16.20504732,351,390,1,1,8,7.5
FALSE,/home/austin/Desktop/default/UnreachableBoth-coverage.txt,/home/austin/Desktop/codeelimination_removecode/UnreachableBoth_codeelimination_REMOVECODE-coverage.txt,9535129,9539795,13370,13613,15,258,490,5156,4.711538462,9.045614035,25,202,1,1,4.5,4.5
FALSE,/home/austin/Desktop/default/UnreachableCode-coverage.txt,/home/austin/Desktop/codeelimination_removecode/UnreachableCode_codeelimination_REMOVECODE-coverage.txt,11205383,11208961,11430,11652,1,223,339,3917,3.606382979,7.802788845,14,186,1,1,3,3
FALSE,/home/austin/Desktop/default/UnreachableSink1-coverage.txt,/home/austin/Desktop/codeelimination_removecode/UnreachableSink1_codeelimination_REMOVECODE-coverage.txt,9456063,9459796,13322,13532,11,221,1040,4773,2.593516209,10.09090909,25,202,1,1,1,3
FALSE,/home/austin/Desktop/default/UnreachableSource1-coverage.txt,/home/austin/Desktop/codeelimination_removecode/UnreachableSource1_codeelimination_REMOVECODE-coverage.txt,9500769,9505219,13209,13429,1,221,511,4961,5.677777778,9.765748031,25,202,1,1,4.5,4.5
FALSE,/home/austin/Desktop/default/Unregister1-coverage.txt,/home/austin/Desktop/codeelimination_removecode/Unregister1_codeelimination_REMOVECODE-coverage.txt,12651000,12661270,14542,14758,29,245,910,11180,2.577903683,17.74603175,16,272,1,1,1,7.5
FALSE,/home/austin/Desktop/default/UnresolvableIntent1-coverage.txt,/home/austin/Desktop/codeelimination_removecode/UnresolvableIntent1_codeelimination_REMOVECODE-coverage.txt,14136837,14147234,13782,14004,0,222,614,11011,7.223529412,21.59019608,37,421,1,1,5,7.5
FALSE,/home/austin/Desktop/default/View1-coverage.txt,/home/austin/Desktop/codeelimination_removecode/View1_codeelimination_REMOVECODE-coverage.txt,12071352,12075120,14449,14641,23,215,8046,11814,12.571875,14.60321384,152,422,1,1,10.5,6
FALSE,/home/austin/Desktop/default/VirtualDispatch1-coverage.txt,/home/austin/Desktop/codeelimination_removecode/VirtualDispatch1_codeelimination_REMOVECODE-coverage.txt,12260589,12271774,15619,15902,2,285,6106,17291,7.92987013,18.20105263,153,244,1,1,4.5,13.5
FALSE,/home/austin/Desktop/default/VirtualDispatch2-coverage.txt,/home/austin/Desktop/codeelimination_removecode/VirtualDispatch2_codeelimination_REMOVECODE-coverage.txt,10425573,10436425,14083,14348,1,266,129,10981,2.58,14.33550914,8,210,1,1,4.5,3
FALSE,/home/austin/Desktop/default/VirtualDispatch3-coverage.txt,/home/austin/Desktop/codeelimination_removecode/VirtualDispatch3_codeelimination_REMOVECODE-coverage.txt,20554661,20569603,14626,14846,22,242,398,15340,3.109375,22.75964392,20,419,1,1,1.5,7.5
FALSE,/home/austin/Desktop/default/VirtualDispatch4-coverage.txt,/home/austin/Desktop/codeelimination_removecode/VirtualDispatch4_codeelimination_REMOVECODE-coverage.txt,20278051,20291474,13103,13223,1,121,265,13688,3.955223881,22.07741935,20,395,1,1,5,7.5
FALSE,/home/austin/Desktop/default/VoiceMail1-coverage.txt,/home/austin/Desktop/codeelimination_removecode/VoiceMail1_codeelimination_REMOVECODE-coverage.txt,22318014,22322253,13715,13904,2,191,543,4782,2.003690037,9.680161943,19,213,1,1,1,3